amount,merchant_category,hour,distance_from_home,foreign_transaction,online_order,high_value,time_since_last,velocity,card_present,label
9,1,15,16,0,0,0,24,1,1,0
31,1,20,13,0,0,0,24,1,1,0
87,1,9,7,0,0,0,24,1,1,0
95,1,20,4,0,0,0,24,1,1,0
150,1,16,16,0,0,0,24,1,1,0
87,1,16,14,0,0,0,24,1,1,0
104,1,8,8,0,0,0,24,1,1,0
58,1,8,5,0,0,0,24,1,1,0
46,1,11,11,0,0,0,24,1,1,0
99,1,19,14,0,0,0,24,1,1,0
36,1,11,17,0,0,0,24,1,1,0
110,1,13,14,0,0,0,24,1,1,0
60,1,17,4,0,0,0,24,1,1,0
42,1,8,17,0,0,0,24,1,1,0
96,1,10,18,0,0,0,24,1,1,0
97,1,18,4,0,0,0,24,1,1,0
127,1,16,2,0,0,0,24,1,1,0
67,1,12,18,0,0,0,24,1,1,0
124,1,17,6,0,0,0,24,1,1,0
46,1,9,14,0,0,0,24,1,1,0
135,1,19,20,0,0,0,24,1,1,0
41,1,16,17,0,0,0,24,1,1,0
51,1,12,7,0,0,0,24,1,1,0
142,1,19,7,0,0,0,24,1,1,0
125,1,14,6,0,0,0,24,1,1,0
120,1,13,19,0,0,0,24,1,1,0
101,1,9,1,0,0,0,24,1,1,0
55,1,8,20,0,0,0,24,1,1,0
129,1,9,13,0,0,0,24,1,1,0
94,1,17,13,0,0,0,24,1,1,0
16,1,16,3,0,0,0,24,1,1,0
58,1,20,1,0,0,0,24,1,1,0
117,1,16,17,0,0,0,24,1,1,0
17,1,11,16,0,0,0,24,1,1,0
93,1,16,10,0,0,0,24,1,1,0
125,1,19,1,0,0,0,24,1,1,0
103,1,10,8,0,0,0,24,1,1,0
136,1,9,20,0,0,0,24,1,1,0
46,1,13,18,0,0,0,24,1,1,0
132,1,10,16,0,0,0,24,1,1,0
149,1,8,5,0,0,0,24,1,1,0
114,1,13,9,0,0,0,24,1,1,0
147,1,8,20,0,0,0,24,1,1,0
39,1,11,16,0,0,0,24,1,1,0
112,1,12,13,0,0,0,24,1,1,0
118,1,9,12,0,0,0,24,1,1,0
92,1,9,5,0,0,0,24,1,1,0
62,1,10,14,0,0,0,24,1,1,0
109,1,15,18,0,0,0,24,1,1,0
67,1,12,13,0,0,0,24,1,1,0
105,1,12,2,0,0,0,24,1,1,0
43,1,20,1,0,0,0,24,1,1,0
132,1,18,1,0,0,0,24,1,1,0
5,1,17,13,0,0,0,24,1,1,0
140,1,20,8,0,0,0,24,1,1,0
101,1,20,16,0,0,0,24,1,1,0
24,1,16,15,0,0,0,24,1,1,0
116,1,11,10,0,0,0,24,1,1,0
146,1,16,18,0,0,0,24,1,1,0
104,1,16,12,0,0,0,24,1,1,0
70,1,18,16,0,0,0,24,1,1,0
112,1,20,1,0,0,0,24,1,1,0
141,1,13,18,0,0,0,24,1,1,0
52,1,18,4,0,0,0,24,1,1,0
141,1,10,18,0,0,0,24,1,1,0
94,1,19,7,0,0,0,24,1,1,0
87,1,19,12,0,0,0,24,1,1,0
129,1,8,16,0,0,0,24,1,1,0
16,1,19,10,0,0,0,24,1,1,0
29,1,15,10,0,0,0,24,1,1,0
102,1,16,3,0,0,0,24,1,1,0
17,1,12,10,0,0,0,24,1,1,0
42,1,9,19,0,0,0,24,1,1,0
144,1,19,19,0,0,0,24,1,1,0
48,1,8,1,0,0,0,24,1,1,0
68,1,18,5,0,0,0,24,1,1,0
15,1,9,7,0,0,0,24,1,1,0
98,1,13,14,0,0,0,24,1,1,0
91,1,18,2,0,0,0,24,1,1,0
147,1,12,18,0,0,0,24,1,1,0
149,1,10,8,0,0,0,24,1,1,0
115,1,14,12,0,0,0,24,1,1,0
122,1,16,9,0,0,0,24,1,1,0
18,1,16,6,0,0,0,24,1,1,0
48,1,15,4,0,0,0,24,1,1,0
126,1,15,7,0,0,0,24,1,1,0
19,1,10,7,0,0,0,24,1,1,0
105,1,17,10,0,0,0,24,1,1,0
104,1,12,13,0,0,0,24,1,1,0
137,1,14,13,0,0,0,24,1,1,0
38,1,17,20,0,0,0,24,1,1,0
133,1,12,20,0,0,0,24,1,1,0
113,1,10,17,0,0,0,24,1,1,0
24,1,15,18,0,0,0,24,1,1,0
41,1,10,10,0,0,0,24,1,1,0
115,1,15,4,0,0,0,24,1,1,0
7,1,9,4,0,0,0,24,1,1,0
72,1,12,7,0,0,0,24,1,1,0
128,1,9,10,0,0,0,24,1,1,0
19,1,17,20,0,0,0,24,1,1,0
74,1,20,8,0,0,0,24,1,1,0
130,1,18,14,0,0,0,24,1,1,0
133,1,11,19,0,0,0,24,1,1,0
38,1,12,5,0,0,0,24,1,1,0
53,1,13,8,0,0,0,24,1,1,0
30,1,17,1,0,0,0,24,1,1,0
51,1,8,18,0,0,0,24,1,1,0
113,1,16,15,0,0,0,24,1,1,0
8,1,12,19,0,0,0,24,1,1,0
116,1,10,9,0,0,0,24,1,1,0
108,1,16,17,0,0,0,24,1,1,0
79,1,13,18,0,0,0,24,1,1,0
121,1,14,6,0,0,0,24,1,1,0
73,1,12,15,0,0,0,24,1,1,0
109,1,15,12,0,0,0,24,1,1,0
24,1,8,5,0,0,0,24,1,1,0
67,1,19,19,0,0,0,24,1,1,0
146,1,9,8,0,0,0,24,1,1,0
105,1,14,7,0,0,0,24,1,1,0
132,1,13,20,0,0,0,24,1,1,0
61,1,11,12,0,0,0,24,1,1,0
137,1,13,12,0,0,0,24,1,1,0
117,1,19,14,0,0,0,24,1,1,0
128,1,18,9,0,0,0,24,1,1,0
143,1,12,15,0,0,0,24,1,1,0
47,1,17,17,0,0,0,24,1,1,0
91,1,10,2,0,0,0,24,1,1,0
70,1,15,2,0,0,0,24,1,1,0
141,1,12,14,0,0,0,24,1,1,0
64,1,13,15,0,0,0,24,1,1,0
43,1,18,5,0,0,0,24,1,1,0
16,1,11,1,0,0,0,24,1,1,0
33,1,17,19,0,0,0,24,1,1,0
128,1,20,11,0,0,0,24,1,1,0
7,1,14,6,0,0,0,24,1,1,0
78,1,15,20,0,0,0,24,1,1,0
21,1,16,13,0,0,0,24,1,1,0
50,1,18,17,0,0,0,24,1,1,0
143,1,8,20,0,0,0,24,1,1,0
98,1,10,2,0,0,0,24,1,1,0
26,1,8,15,0,0,0,24,1,1,0
129,1,13,16,0,0,0,24,1,1,0
83,1,11,3,0,0,0,24,1,1,0
8,1,11,9,0,0,0,24,1,1,0
134,1,15,5,0,0,0,24,1,1,0
94,1,17,6,0,0,0,24,1,1,0
99,1,13,15,0,0,0,24,1,1,0
142,1,9,7,0,0,0,24,1,1,0
15,1,11,16,0,0,0,24,1,1,0
138,1,19,6,0,0,0,24,1,1,0
97,1,10,9,0,0,0,24,1,1,0
16,1,16,18,0,0,0,24,1,1,0
65,1,14,4,0,0,0,24,1,1,0
80,1,11,19,0,0,0,24,1,1,0
41,1,16,4,0,0,0,24,1,1,0
73,1,10,16,0,0,0,24,1,1,0
149,1,16,10,0,0,0,24,1,1,0
11,1,8,2,0,0,0,24,1,1,0
107,1,17,2,0,0,0,24,1,1,0
14,1,19,19,0,0,0,24,1,1,0
32,1,15,12,0,0,0,24,1,1,0
142,1,13,14,0,0,0,24,1,1,0
80,1,17,10,0,0,0,24,1,1,0
146,1,20,5,0,0,0,24,1,1,0
94,1,8,17,0,0,0,24,1,1,0
32,1,16,1,0,0,0,24,1,1,0
67,1,19,19,0,0,0,24,1,1,0
125,1,8,16,0,0,0,24,1,1,0
143,1,18,13,0,0,0,24,1,1,0
146,1,20,17,0,0,0,24,1,1,0
135,1,8,15,0,0,0,24,1,1,0
25,1,20,9,0,0,0,24,1,1,0
127,1,15,6,0,0,0,24,1,1,0
61,1,8,2,0,0,0,24,1,1,0
86,1,20,19,0,0,0,24,1,1,0
11,1,10,13,0,0,0,24,1,1,0
109,1,9,14,0,0,0,24,1,1,0
103,1,18,8,0,0,0,24,1,1,0
84,1,13,8,0,0,0,24,1,1,0
98,1,12,16,0,0,0,24,1,1,0
57,1,12,4,0,0,0,24,1,1,0
89,1,8,16,0,0,0,24,1,1,0
150,1,8,1,0,0,0,24,1,1,0
79,1,13,3,0,0,0,24,1,1,0
143,1,8,11,0,0,0,24,1,1,0
129,1,20,19,0,0,0,24,1,1,0
73,1,13,19,0,0,0,24,1,1,0
133,1,19,3,0,0,0,24,1,1,0
125,1,15,8,0,0,0,24,1,1,0
95,1,13,11,0,0,0,24,1,1,0
29,1,14,10,0,0,0,24,1,1,0
148,1,16,16,0,0,0,24,1,1,0
8,1,16,1,0,0,0,24,1,1,0
66,1,14,13,0,0,0,24,1,1,0
37,1,20,12,0,0,0,24,1,1,0
75,1,17,6,0,0,0,24,1,1,0
119,1,11,6,0,0,0,24,1,1,0
68,1,16,20,0,0,0,24,1,1,0
21,1,14,11,0,0,0,24,1,1,0
70,1,9,13,0,0,0,24,1,1,0
37,1,18,8,0,0,0,24,1,1,0
147,1,16,20,0,0,0,24,1,1,0
128,1,13,8,0,0,0,24,1,1,0
104,1,14,18,0,0,0,24,1,1,0
119,1,8,1,0,0,0,24,1,1,0
72,1,16,16,0,0,0,24,1,1,0
65,1,10,5,0,0,0,24,1,1,0
89,1,16,10,0,0,0,24,1,1,0
51,1,14,6,0,0,0,24,1,1,0
67,1,18,10,0,0,0,24,1,1,0
39,1,8,8,0,0,0,24,1,1,0
46,1,8,5,0,0,0,24,1,1,0
147,1,14,1,0,0,0,24,1,1,0
86,1,12,2,0,0,0,24,1,1,0
105,1,10,9,0,0,0,24,1,1,0
129,1,19,2,0,0,0,24,1,1,0
106,1,10,16,0,0,0,24,1,1,0
84,1,16,20,0,0,0,24,1,1,0
33,1,8,17,0,0,0,24,1,1,0
114,1,20,13,0,0,0,24,1,1,0
144,1,14,18,0,0,0,24,1,1,0
63,1,17,17,0,0,0,24,1,1,0
23,1,12,1,0,0,0,24,1,1,0
64,1,17,15,0,0,0,24,1,1,0
29,1,8,5,0,0,0,24,1,1,0
22,1,13,5,0,0,0,24,1,1,0
26,1,10,4,0,0,0,24,1,1,0
88,1,17,15,0,0,0,24,1,1,0
107,1,8,19,0,0,0,24,1,1,0
148,1,14,7,0,0,0,24,1,1,0
25,1,19,12,0,0,0,24,1,1,0
118,1,11,16,0,0,0,24,1,1,0
68,1,13,5,0,0,0,24,1,1,0
43,1,8,4,0,0,0,24,1,1,0
95,1,19,7,0,0,0,24,1,1,0
45,1,16,3,0,0,0,24,1,1,0
142,1,15,20,0,0,0,24,1,1,0
114,1,11,2,0,0,0,24,1,1,0
52,1,12,17,0,0,0,24,1,1,0
96,1,13,2,0,0,0,24,1,1,0
92,1,16,11,0,0,0,24,1,1,0
101,1,20,19,0,0,0,24,1,1,0
110,1,9,2,0,0,0,24,1,1,0
27,1,16,3,0,0,0,24,1,1,0
86,1,14,9,0,0,0,24,1,1,0
116,1,16,12,0,0,0,24,1,1,0
104,1,16,18,0,0,0,24,1,1,0
126,1,17,10,0,0,0,24,1,1,0
27,1,8,15,0,0,0,24,1,1,0
56,1,20,10,0,0,0,24,1,1,0
46,1,9,20,0,0,0,24,1,1,0
95,1,19,5,0,0,0,24,1,1,0
108,1,19,1,0,0,0,24,1,1,0
23,1,18,18,0,0,0,24,1,1,0
139,1,13,1,0,0,0,24,1,1,0
48,1,10,14,0,0,0,24,1,1,0
63,1,14,15,0,0,0,24,1,1,0
89,1,11,19,0,0,0,24,1,1,0
88,1,10,19,0,0,0,24,1,1,0
28,1,14,13,0,0,0,24,1,1,0
56,1,9,14,0,0,0,24,1,1,0
128,1,8,7,0,0,0,24,1,1,0
144,1,20,12,0,0,0,24,1,1,0
5,1,11,7,0,0,0,24,1,1,0
100,1,9,15,0,0,0,24,1,1,0
130,1,11,14,0,0,0,24,1,1,0
26,1,10,6,0,0,0,24,1,1,0
27,1,20,12,0,0,0,24,1,1,0
50,1,9,9,0,0,0,24,1,1,0
75,1,18,2,0,0,0,24,1,1,0
136,1,11,1,0,0,0,24,1,1,0
88,1,16,20,0,0,0,24,1,1,0
5,1,18,19,0,0,0,24,1,1,0
105,1,15,17,0,0,0,24,1,1,0
117,1,19,19,0,0,0,24,1,1,0
111,1,8,7,0,0,0,24,1,1,0
27,1,20,12,0,0,0,24,1,1,0
113,1,8,19,0,0,0,24,1,1,0
111,1,19,13,0,0,0,24,1,1,0
112,1,18,11,0,0,0,24,1,1,0
11,1,18,12,0,0,0,24,1,1,0
55,1,19,9,0,0,0,24,1,1,0
98,1,8,7,0,0,0,24,1,1,0
119,1,8,9,0,0,0,24,1,1,0
18,1,16,11,0,0,0,24,1,1,0
38,1,8,12,0,0,0,24,1,1,0
41,1,20,11,0,0,0,24,1,1,0
89,1,20,7,0,0,0,24,1,1,0
102,1,17,1,0,0,0,24,1,1,0
98,1,13,18,0,0,0,24,1,1,0
116,1,18,16,0,0,0,24,1,1,0
17,1,14,7,0,0,0,24,1,1,0
130,1,20,1,0,0,0,24,1,1,0
144,1,16,19,0,0,0,24,1,1,0
103,1,20,16,0,0,0,24,1,1,0
74,1,9,16,0,0,0,24,1,1,0
74,1,11,1,0,0,0,24,1,1,0
24,1,10,16,0,0,0,24,1,1,0
110,1,19,19,0,0,0,24,1,1,0
66,1,18,4,0,0,0,24,1,1,0
135,1,15,7,0,0,0,24,1,1,0
101,1,19,9,0,0,0,24,1,1,0
123,1,12,9,0,0,0,24,1,1,0
103,1,18,6,0,0,0,24,1,1,0
83,1,13,8,0,0,0,24,1,1,0
116,1,18,3,0,0,0,24,1,1,0
82,1,19,18,0,0,0,24,1,1,0
71,1,14,18,0,0,0,24,1,1,0
89,1,19,3,0,0,0,24,1,1,0
122,1,12,4,0,0,0,24,1,1,0
59,1,11,19,0,0,0,24,1,1,0
99,1,13,9,0,0,0,24,1,1,0
134,1,20,9,0,0,0,24,1,1,0
67,1,11,10,0,0,0,24,1,1,0
101,1,15,2,0,0,0,24,1,1,0
89,1,13,6,0,0,0,24,1,1,0
6,1,10,3,0,0,0,24,1,1,0
71,1,17,7,0,0,0,24,1,1,0
48,1,14,4,0,0,0,24,1,1,0
51,1,13,4,0,0,0,24,1,1,0
78,1,11,3,0,0,0,24,1,1,0
87,1,13,12,0,0,0,24,1,1,0
50,1,8,18,0,0,0,24,1,1,0
67,1,13,16,0,0,0,24,1,1,0
21,1,15,18,0,0,0,24,1,1,0
29,1,8,19,0,0,0,24,1,1,0
90,1,16,2,0,0,0,24,1,1,0
44,1,15,2,0,0,0,24,1,1,0
35,1,15,10,0,0,0,24,1,1,0
45,1,14,3,0,0,0,24,1,1,0
146,1,15,6,0,0,0,24,1,1,0
147,1,8,9,0,0,0,24,1,1,0
117,1,9,16,0,0,0,24,1,1,0
35,1,15,14,0,0,0,24,1,1,0
29,1,18,1,0,0,0,24,1,1,0
26,1,11,2,0,0,0,24,1,1,0
96,1,18,15,0,0,0,24,1,1,0
43,1,10,5,0,0,0,24,1,1,0
32,1,15,11,0,0,0,24,1,1,0
107,1,15,1,0,0,0,24,1,1,0
116,1,9,17,0,0,0,24,1,1,0
125,1,8,6,0,0,0,24,1,1,0
37,1,9,15,0,0,0,24,1,1,0
145,1,18,8,0,0,0,24,1,1,0
119,1,19,1,0,0,0,24,1,1,0
61,1,19,5,0,0,0,24,1,1,0
51,1,18,7,0,0,0,24,1,1,0
51,1,12,2,0,0,0,24,1,1,0
134,1,12,17,0,0,0,24,1,1,0
125,1,11,5,0,0,0,24,1,1,0
15,1,12,2,0,0,0,24,1,1,0
125,1,10,15,0,0,0,24,1,1,0
54,1,19,11,0,0,0,24,1,1,0
22,1,19,19,0,0,0,24,1,1,0
127,1,20,8,0,0,0,24,1,1,0
10,1,14,17,0,0,0,24,1,1,0
49,1,12,8,0,0,0,24,1,1,0
18,1,20,20,0,0,0,24,1,1,0
42,1,8,12,0,0,0,24,1,1,0
130,1,19,12,0,0,0,24,1,1,0
74,1,10,6,0,0,0,24,1,1,0
62,1,17,19,0,0,0,24,1,1,0
120,1,15,19,0,0,0,24,1,1,0
33,1,19,19,0,0,0,24,1,1,0
126,1,11,14,0,0,0,24,1,1,0
52,1,9,17,0,0,0,24,1,1,0
68,1,16,16,0,0,0,24,1,1,0
131,1,9,6,0,0,0,24,1,1,0
63,1,19,19,0,0,0,24,1,1,0
28,1,8,13,0,0,0,24,1,1,0
106,1,13,15,0,0,0,24,1,1,0
113,1,20,3,0,0,0,24,1,1,0
66,1,13,7,0,0,0,24,1,1,0
73,1,14,5,0,0,0,24,1,1,0
42,1,12,17,0,0,0,24,1,1,0
82,1,9,10,0,0,0,24,1,1,0
42,1,15,4,0,0,0,24,1,1,0
145,1,19,19,0,0,0,24,1,1,0
40,1,14,11,0,0,0,24,1,1,0
80,1,15,7,0,0,0,24,1,1,0
46,1,16,7,0,0,0,24,1,1,0
140,1,19,5,0,0,0,24,1,1,0
121,1,10,1,0,0,0,24,1,1,0
106,1,18,17,0,0,0,24,1,1,0
20,1,8,20,0,0,0,24,1,1,0
46,1,18,12,0,0,0,24,1,1,0
53,1,19,16,0,0,0,24,1,1,0
117,1,12,11,0,0,0,24,1,1,0
106,1,20,6,0,0,0,24,1,1,0
120,1,12,5,0,0,0,24,1,1,0
106,1,10,6,0,0,0,24,1,1,0
5,1,8,7,0,0,0,24,1,1,0
93,1,13,3,0,0,0,24,1,1,0
107,1,16,4,0,0,0,24,1,1,0
119,1,19,15,0,0,0,24,1,1,0
63,1,17,19,0,0,0,24,1,1,0
89,1,15,5,0,0,0,24,1,1,0
71,1,9,6,0,0,0,24,1,1,0
127,1,14,12,0,0,0,24,1,1,0
78,1,11,1,0,0,0,24,1,1,0
61,1,10,7,0,0,0,24,1,1,0
85,1,8,13,0,0,0,24,1,1,0
122,1,16,20,0,0,0,24,1,1,0
123,1,12,5,0,0,0,24,1,1,0
137,1,18,4,0,0,0,24,1,1,0
19,1,10,6,0,0,0,24,1,1,0
91,1,17,2,0,0,0,24,1,1,0
16,1,15,6,0,0,0,24,1,1,0
55,1,17,15,0,0,0,24,1,1,0
87,1,9,3,0,0,0,24,1,1,0
68,1,9,11,0,0,0,24,1,1,0
98,1,13,4,0,0,0,24,1,1,0
22,1,9,9,0,0,0,24,1,1,0
32,1,11,14,0,0,0,24,1,1,0
70,1,20,11,0,0,0,24,1,1,0
24,1,11,12,0,0,0,24,1,1,0
69,1,12,10,0,0,0,24,1,1,0
145,1,19,20,0,0,0,24,1,1,0
113,1,15,7,0,0,0,24,1,1,0
107,1,17,20,0,0,0,24,1,1,0
59,1,10,16,0,0,0,24,1,1,0
91,1,14,13,0,0,0,24,1,1,0
36,1,11,17,0,0,0,24,1,1,0
115,1,14,6,0,0,0,24,1,1,0
71,1,17,9,0,0,0,24,1,1,0
72,1,12,9,0,0,0,24,1,1,0
105,1,10,15,0,0,0,24,1,1,0
29,1,12,12,0,0,0,24,1,1,0
78,1,17,3,0,0,0,24,1,1,0
124,1,16,7,0,0,0,24,1,1,0
110,1,11,12,0,0,0,24,1,1,0
45,1,11,4,0,0,0,24,1,1,0
7,1,15,2,0,0,0,24,1,1,0
138,1,14,11,0,0,0,24,1,1,0
89,1,18,19,0,0,0,24,1,1,0
54,1,16,7,0,0,0,24,1,1,0
95,1,9,19,0,0,0,24,1,1,0
10,1,17,3,0,0,0,24,1,1,0
132,1,20,2,0,0,0,24,1,1,0
75,1,16,7,0,0,0,24,1,1,0
148,1,13,19,0,0,0,24,1,1,0
89,1,16,4,0,0,0,24,1,1,0
107,1,12,7,0,0,0,24,1,1,0
128,1,13,12,0,0,0,24,1,1,0
131,1,12,19,0,0,0,24,1,1,0
107,1,14,1,0,0,0,24,1,1,0
22,1,20,5,0,0,0,24,1,1,0
53,1,16,8,0,0,0,24,1,1,0
142,1,17,11,0,0,0,24,1,1,0
5,1,17,14,0,0,0,24,1,1,0
18,1,16,19,0,0,0,24,1,1,0
127,1,17,1,0,0,0,24,1,1,0
67,1,11,14,0,0,0,24,1,1,0
128,1,9,14,0,0,0,24,1,1,0
94,1,18,2,0,0,0,24,1,1,0
77,1,15,20,0,0,0,24,1,1,0
124,1,8,11,0,0,0,24,1,1,0
6,1,15,13,0,0,0,24,1,1,0
58,1,13,8,0,0,0,24,1,1,0
129,1,10,5,0,0,0,24,1,1,0
12,1,15,15,0,0,0,24,1,1,0
14,1,9,7,0,0,0,24,1,1,0
79,1,17,3,0,0,0,24,1,1,0
44,1,20,12,0,0,0,24,1,1,0
118,1,11,1,0,0,0,24,1,1,0
12,1,11,3,0,0,0,24,1,1,0
75,1,13,1,0,0,0,24,1,1,0
135,1,19,7,0,0,0,24,1,1,0
39,1,18,7,0,0,0,24,1,1,0
44,1,16,12,0,0,0,24,1,1,0
148,1,15,10,0,0,0,24,1,1,0
42,1,14,7,0,0,0,24,1,1,0
25,1,14,15,0,0,0,24,1,1,0
115,1,8,16,0,0,0,24,1,1,0
114,1,13,6,0,0,0,24,1,1,0
53,1,13,9,0,0,0,24,1,1,0
13,1,19,19,0,0,0,24,1,1,0
134,1,8,3,0,0,0,24,1,1,0
28,1,19,8,0,0,0,24,1,1,0
30,1,20,12,0,0,0,24,1,1,0
43,1,9,1,0,0,0,24,1,1,0
73,1,12,12,0,0,0,24,1,1,0
104,1,19,10,0,0,0,24,1,1,0
34,1,14,19,0,0,0,24,1,1,0
69,1,11,3,0,0,0,24,1,1,0
134,1,10,16,0,0,0,24,1,1,0
38,1,20,15,0,0,0,24,1,1,0
112,1,10,6,0,0,0,24,1,1,0
80,1,20,12,0,0,0,24,1,1,0
9,1,8,2,0,0,0,24,1,1,0
63,1,17,9,0,0,0,24,1,1,0
45,1,14,11,0,0,0,24,1,1,0
52,1,12,6,0,0,0,24,1,1,0
134,1,15,3,0,0,0,24,1,1,0
67,1,9,16,0,0,0,24,1,1,0
95,1,18,4,0,0,0,24,1,1,0
141,1,16,17,0,0,0,24,1,1,0
131,1,19,7,0,0,0,24,1,1,0
99,1,18,19,0,0,0,24,1,1,0
40,1,17,19,0,0,0,24,1,1,0
74,1,9,20,0,0,0,24,1,1,0
54,1,14,2,0,0,0,24,1,1,0
78,1,16,14,0,0,0,24,1,1,0
82,1,12,20,0,0,0,24,1,1,0
149,1,18,6,0,0,0,24,1,1,0
52,1,10,2,0,0,0,24,1,1,0
138,1,19,10,0,0,0,24,1,1,0
115,1,17,13,0,0,0,24,1,1,0
107,1,13,13,0,0,0,24,1,1,0
120,1,16,2,0,0,0,24,1,1,0
150,1,17,10,0,0,0,24,1,1,0
44,1,19,17,0,0,0,24,1,1,0
79,1,11,16,0,0,0,24,1,1,0
117,1,13,17,0,0,0,24,1,1,0
115,1,19,4,0,0,0,24,1,1,0
149,1,17,16,0,0,0,24,1,1,0
114,1,12,17,0,0,0,24,1,1,0
91,1,20,17,0,0,0,24,1,1,0
41,1,19,9,0,0,0,24,1,1,0
96,1,8,4,0,0,0,24,1,1,0
121,1,17,4,0,0,0,24,1,1,0
22,1,13,18,0,0,0,24,1,1,0
61,1,13,10,0,0,0,24,1,1,0
56,1,15,7,0,0,0,24,1,1,0
120,1,16,11,0,0,0,24,1,1,0
56,1,15,13,0,0,0,24,1,1,0
46,1,20,6,0,0,0,24,1,1,0
52,1,19,12,0,0,0,24,1,1,0
138,1,10,3,0,0,0,24,1,1,0
85,1,11,17,0,0,0,24,1,1,0
64,1,11,2,0,0,0,24,1,1,0
49,1,17,3,0,0,0,24,1,1,0
144,1,12,4,0,0,0,24,1,1,0
46,1,9,3,0,0,0,24,1,1,0
101,1,9,7,0,0,0,24,1,1,0
41,1,17,13,0,0,0,24,1,1,0
57,1,19,8,0,0,0,24,1,1,0
101,1,15,1,0,0,0,24,1,1,0
82,1,15,19,0,0,0,24,1,1,0
92,1,13,20,0,0,0,24,1,1,0
19,1,18,3,0,0,0,24,1,1,0
50,1,16,4,0,0,0,24,1,1,0
142,1,12,14,0,0,0,24,1,1,0
150,1,19,17,0,0,0,24,1,1,0
108,1,20,17,0,0,0,24,1,1,0
59,1,13,9,0,0,0,24,1,1,0
123,1,11,5,0,0,0,24,1,1,0
96,1,9,5,0,0,0,24,1,1,0
60,1,10,14,0,0,0,24,1,1,0
33,1,15,7,0,0,0,24,1,1,0
16,1,17,15,0,0,0,24,1,1,0
60,1,13,17,0,0,0,24,1,1,0
52,1,9,3,0,0,0,24,1,1,0
89,1,8,20,0,0,0,24,1,1,0
114,1,20,5,0,0,0,24,1,1,0
112,1,12,12,0,0,0,24,1,1,0
59,1,10,1,0,0,0,24,1,1,0
36,1,18,6,0,0,0,24,1,1,0
75,1,13,11,0,0,0,24,1,1,0
148,1,15,19,0,0,0,24,1,1,0
67,1,10,16,0,0,0,24,1,1,0
55,1,18,9,0,0,0,24,1,1,0
63,1,8,5,0,0,0,24,1,1,0
66,1,8,18,0,0,0,24,1,1,0
111,1,9,12,0,0,0,24,1,1,0
49,1,10,18,0,0,0,24,1,1,0
143,1,13,2,0,0,0,24,1,1,0
90,1,8,10,0,0,0,24,1,1,0
40,1,19,20,0,0,0,24,1,1,0
127,1,15,16,0,0,0,24,1,1,0
121,1,16,4,0,0,0,24,1,1,0
105,1,13,3,0,0,0,24,1,1,0
32,1,11,11,0,0,0,24,1,1,0
72,1,20,14,0,0,0,24,1,1,0
144,1,8,13,0,0,0,24,1,1,0
120,1,17,6,0,0,0,24,1,1,0
34,1,16,1,0,0,0,24,1,1,0
76,1,18,18,0,0,0,24,1,1,0
122,1,18,20,0,0,0,24,1,1,0
53,1,18,19,0,0,0,24,1,1,0
71,1,8,13,0,0,0,24,1,1,0
48,1,18,11,0,0,0,24,1,1,0
142,1,8,17,0,0,0,24,1,1,0
39,1,8,16,0,0,0,24,1,1,0
79,1,19,10,0,0,0,24,1,1,0
21,1,13,2,0,0,0,24,1,1,0
78,1,8,20,0,0,0,24,1,1,0
80,1,18,11,0,0,0,24,1,1,0
46,1,15,10,0,0,0,24,1,1,0
50,1,13,14,0,0,0,24,1,1,0
6,1,8,8,0,0,0,24,1,1,0
6,1,17,14,0,0,0,24,1,1,0
7,1,13,18,0,0,0,24,1,1,0
51,1,14,18,0,0,0,24,1,1,0
146,1,8,9,0,0,0,24,1,1,0
125,1,13,16,0,0,0,24,1,1,0
83,1,20,3,0,0,0,24,1,1,0
62,1,10,14,0,0,0,24,1,1,0
35,1,8,2,0,0,0,24,1,1,0
49,1,9,10,0,0,0,24,1,1,0
79,1,10,3,0,0,0,24,1,1,0
116,1,20,4,0,0,0,24,1,1,0
74,1,15,19,0,0,0,24,1,1,0
77,1,18,6,0,0,0,24,1,1,0
122,1,10,7,0,0,0,24,1,1,0
114,1,15,15,0,0,0,24,1,1,0
108,1,11,2,0,0,0,24,1,1,0
44,1,10,10,0,0,0,24,1,1,0
83,1,8,5,0,0,0,24,1,1,0
125,1,12,6,0,0,0,24,1,1,0
77,1,12,15,0,0,0,24,1,1,0
113,1,19,6,0,0,0,24,1,1,0
50,1,8,10,0,0,0,24,1,1,0
60,1,15,19,0,0,0,24,1,1,0
128,1,12,10,0,0,0,24,1,1,0
82,1,13,5,0,0,0,24,1,1,0
122,1,16,11,0,0,0,24,1,1,0
132,1,16,6,0,0,0,24,1,1,0
13,1,17,20,0,0,0,24,1,1,0
64,1,17,9,0,0,0,24,1,1,0
69,1,18,16,0,0,0,24,1,1,0
37,1,12,12,0,0,0,24,1,1,0
115,1,12,12,0,0,0,24,1,1,0
58,1,10,1,0,0,0,24,1,1,0
84,1,16,17,0,0,0,24,1,1,0
42,1,15,17,0,0,0,24,1,1,0
99,1,17,13,0,0,0,24,1,1,0
103,1,14,9,0,0,0,24,1,1,0
92,1,13,11,0,0,0,24,1,1,0
134,1,10,19,0,0,0,24,1,1,0
130,1,13,10,0,0,0,24,1,1,0
118,1,11,1,0,0,0,24,1,1,0
139,1,13,9,0,0,0,24,1,1,0
13,1,9,16,0,0,0,24,1,1,0
124,1,16,10,0,0,0,24,1,1,0
91,1,19,20,0,0,0,24,1,1,0
77,1,16,17,0,0,0,24,1,1,0
46,1,9,3,0,0,0,24,1,1,0
127,1,8,10,0,0,0,24,1,1,0
41,1,9,19,0,0,0,24,1,1,0
89,1,9,19,0,0,0,24,1,1,0
110,1,11,12,0,0,0,24,1,1,0
112,1,17,19,0,0,0,24,1,1,0
47,1,18,18,0,0,0,24,1,1,0
52,1,17,13,0,0,0,24,1,1,0
10,1,11,3,0,0,0,24,1,1,0
53,1,12,16,0,0,0,24,1,1,0
8,1,8,1,0,0,0,24,1,1,0
109,1,12,3,0,0,0,24,1,1,0
87,1,16,17,0,0,0,24,1,1,0
62,1,15,11,0,0,0,24,1,1,0
16,1,14,13,0,0,0,24,1,1,0
146,1,18,18,0,0,0,24,1,1,0
111,1,18,16,0,0,0,24,1,1,0
30,1,16,12,0,0,0,24,1,1,0
117,1,9,8,0,0,0,24,1,1,0
27,1,17,8,0,0,0,24,1,1,0
69,1,11,17,0,0,0,24,1,1,0
105,1,19,20,0,0,0,24,1,1,0
35,1,11,6,0,0,0,24,1,1,0
17,1,13,11,0,0,0,24,1,1,0
66,1,16,11,0,0,0,24,1,1,0
83,1,16,2,0,0,0,24,1,1,0
98,1,8,5,0,0,0,24,1,1,0
36,1,9,20,0,0,0,24,1,1,0
77,1,10,5,0,0,0,24,1,1,0
9,1,8,1,0,0,0,24,1,1,0
92,1,13,3,0,0,0,24,1,1,0
50,1,14,9,0,0,0,24,1,1,0
87,1,9,12,0,0,0,24,1,1,0
132,1,13,13,0,0,0,24,1,1,0
133,1,19,17,0,0,0,24,1,1,0
91,1,9,15,0,0,0,24,1,1,0
91,1,15,8,0,0,0,24,1,1,0
50,1,12,16,0,0,0,24,1,1,0
58,1,10,17,0,0,0,24,1,1,0
124,1,12,12,0,0,0,24,1,1,0
30,1,10,13,0,0,0,24,1,1,0
98,1,8,19,0,0,0,24,1,1,0
25,1,9,14,0,0,0,24,1,1,0
135,1,18,10,0,0,0,24,1,1,0
132,1,17,7,0,0,0,24,1,1,0
76,1,15,7,0,0,0,24,1,1,0
149,1,12,20,0,0,0,24,1,1,0
117,1,9,13,0,0,0,24,1,1,0
121,1,8,18,0,0,0,24,1,1,0
137,1,14,3,0,0,0,24,1,1,0
124,1,15,19,0,0,0,24,1,1,0
57,1,16,8,0,0,0,24,1,1,0
143,1,16,9,0,0,0,24,1,1,0
49,1,10,12,0,0,0,24,1,1,0
72,1,17,17,0,0,0,24,1,1,0
18,1,17,18,0,0,0,24,1,1,0
9,1,9,18,0,0,0,24,1,1,0
116,1,19,18,0,0,0,24,1,1,0
107,1,14,14,0,0,0,24,1,1,0
45,1,9,18,0,0,0,24,1,1,0
120,1,18,12,0,0,0,24,1,1,0
54,1,14,5,0,0,0,24,1,1,0
29,1,13,18,0,0,0,24,1,1,0
70,1,17,9,0,0,0,24,1,1,0
68,1,10,16,0,0,0,24,1,1,0
136,1,20,7,0,0,0,24,1,1,0
7,1,20,19,0,0,0,24,1,1,0
139,1,12,10,0,0,0,24,1,1,0
137,1,10,4,0,0,0,24,1,1,0
74,1,15,14,0,0,0,24,1,1,0
97,1,17,2,0,0,0,24,1,1,0
47,1,20,15,0,0,0,24,1,1,0
102,1,14,6,0,0,0,24,1,1,0
52,1,19,5,0,0,0,24,1,1,0
79,1,9,4,0,0,0,24,1,1,0
50,1,20,11,0,0,0,24,1,1,0
114,1,9,10,0,0,0,24,1,1,0
114,1,19,1,0,0,0,24,1,1,0
123,1,8,20,0,0,0,24,1,1,0
10,1,13,7,0,0,0,24,1,1,0
92,1,18,4,0,0,0,24,1,1,0
144,1,11,12,0,0,0,24,1,1,0
77,1,12,7,0,0,0,24,1,1,0
86,1,18,16,0,0,0,24,1,1,0
6,1,11,14,0,0,0,24,1,1,0
64,1,8,9,0,0,0,24,1,1,0
112,1,19,5,0,0,0,24,1,1,0
8,1,9,4,0,0,0,24,1,1,0
58,1,18,2,0,0,0,24,1,1,0
109,1,9,11,0,0,0,24,1,1,0
137,1,18,20,0,0,0,24,1,1,0
143,1,15,12,0,0,0,24,1,1,0
115,1,15,7,0,0,0,24,1,1,0
117,1,19,8,0,0,0,24,1,1,0
127,1,15,20,0,0,0,24,1,1,0
94,1,18,11,0,0,0,24,1,1,0
109,1,10,1,0,0,0,24,1,1,0
140,1,14,4,0,0,0,24,1,1,0
88,1,17,2,0,0,0,24,1,1,0
91,1,11,14,0,0,0,24,1,1,0
113,1,15,12,0,0,0,24,1,1,0
78,1,17,18,0,0,0,24,1,1,0
134,1,8,16,0,0,0,24,1,1,0
139,1,10,12,0,0,0,24,1,1,0
59,1,11,6,0,0,0,24,1,1,0
40,1,20,15,0,0,0,24,1,1,0
13,1,13,1,0,0,0,24,1,1,0
32,1,20,11,0,0,0,24,1,1,0
25,1,8,14,0,0,0,24,1,1,0
58,1,19,14,0,0,0,24,1,1,0
63,1,17,7,0,0,0,24,1,1,0
21,1,14,18,0,0,0,24,1,1,0
62,1,10,13,0,0,0,24,1,1,0
137,1,8,13,0,0,0,24,1,1,0
42,1,19,14,0,0,0,24,1,1,0
125,1,13,20,0,0,0,24,1,1,0
59,1,10,7,0,0,0,24,1,1,0
138,1,15,2,0,0,0,24,1,1,0
71,1,13,18,0,0,0,24,1,1,0
101,1,14,7,0,0,0,24,1,1,0
88,1,10,11,0,0,0,24,1,1,0
115,1,16,19,0,0,0,24,1,1,0
133,1,9,6,0,0,0,24,1,1,0
82,1,10,9,0,0,0,24,1,1,0
62,1,16,11,0,0,0,24,1,1,0
111,1,8,12,0,0,0,24,1,1,0
46,1,10,3,0,0,0,24,1,1,0
112,1,18,12,0,0,0,24,1,1,0
144,1,19,17,0,0,0,24,1,1,0
127,1,18,1,0,0,0,24,1,1,0
101,1,8,1,0,0,0,24,1,1,0
44,1,8,19,0,0,0,24,1,1,0
109,1,10,9,0,0,0,24,1,1,0
134,1,9,11,0,0,0,24,1,1,0
55,1,18,7,0,0,0,24,1,1,0
22,1,14,15,0,0,0,24,1,1,0
107,1,19,20,0,0,0,24,1,1,0
23,1,16,12,0,0,0,24,1,1,0
76,1,16,7,0,0,0,24,1,1,0
43,1,15,3,0,0,0,24,1,1,0
70,1,10,15,0,0,0,24,1,1,0
84,1,15,1,0,0,0,24,1,1,0
26,1,10,4,0,0,0,24,1,1,0
72,1,8,1,0,0,0,24,1,1,0
73,1,8,15,0,0,0,24,1,1,0
44,1,15,5,0,0,0,24,1,1,0
134,1,8,3,0,0,0,24,1,1,0
100,1,12,1,0,0,0,24,1,1,0
45,1,20,1,0,0,0,24,1,1,0
125,1,12,17,0,0,0,24,1,1,0
119,1,16,15,0,0,0,24,1,1,0
124,1,14,9,0,0,0,24,1,1,0
98,1,19,19,0,0,0,24,1,1,0
89,1,19,9,0,0,0,24,1,1,0
137,1,13,15,0,0,0,24,1,1,0
78,1,14,1,0,0,0,24,1,1,0
46,1,19,6,0,0,0,24,1,1,0
58,1,17,14,0,0,0,24,1,1,0
51,1,13,9,0,0,0,24,1,1,0
51,1,14,6,0,0,0,24,1,1,0
65,1,13,7,0,0,0,24,1,1,0
118,1,18,15,0,0,0,24,1,1,0
21,1,20,7,0,0,0,24,1,1,0
120,1,13,5,0,0,0,24,1,1,0
93,1,16,9,0,0,0,24,1,1,0
124,1,14,12,0,0,0,24,1,1,0
133,1,10,6,0,0,0,24,1,1,0
5,1,14,10,0,0,0,24,1,1,0
129,1,20,16,0,0,0,24,1,1,0
36,1,13,12,0,0,0,24,1,1,0
50,1,8,20,0,0,0,24,1,1,0
111,1,10,4,0,0,0,24,1,1,0
56,1,11,13,0,0,0,24,1,1,0
32,1,15,2,0,0,0,24,1,1,0
89,1,9,3,0,0,0,24,1,1,0
21,1,12,12,0,0,0,24,1,1,0
11,1,18,2,0,0,0,24,1,1,0
144,1,8,3,0,0,0,24,1,1,0
55,1,8,6,0,0,0,24,1,1,0
139,1,18,8,0,0,0,24,1,1,0
125,1,13,18,0,0,0,24,1,1,0
83,1,18,13,0,0,0,24,1,1,0
150,1,14,17,0,0,0,24,1,1,0
136,1,15,1,0,0,0,24,1,1,0
77,1,16,6,0,0,0,24,1,1,0
56,1,16,6,0,0,0,24,1,1,0
5,1,8,12,0,0,0,24,1,1,0
48,1,19,10,0,0,0,24,1,1,0
142,1,15,18,0,0,0,24,1,1,0
87,1,17,8,0,0,0,24,1,1,0
32,1,14,15,0,0,0,24,1,1,0
86,1,20,2,0,0,0,24,1,1,0
73,1,18,5,0,0,0,24,1,1,0
42,1,16,2,0,0,0,24,1,1,0
73,1,18,12,0,0,0,24,1,1,0
62,1,18,16,0,0,0,24,1,1,0
81,1,11,4,0,0,0,24,1,1,0
15,1,12,10,0,0,0,24,1,1,0
91,1,18,8,0,0,0,24,1,1,0
131,1,10,8,0,0,0,24,1,1,0
96,1,18,7,0,0,0,24,1,1,0
5,1,17,4,0,0,0,24,1,1,0
5,1,9,7,0,0,0,24,1,1,0
93,1,15,10,0,0,0,24,1,1,0
141,1,11,19,0,0,0,24,1,1,0
41,1,12,18,0,0,0,24,1,1,0
137,1,16,3,0,0,0,24,1,1,0
112,1,13,3,0,0,0,24,1,1,0
100,1,19,12,0,0,0,24,1,1,0
46,1,18,7,0,0,0,24,1,1,0
70,1,16,2,0,0,0,24,1,1,0
133,1,12,14,0,0,0,24,1,1,0
121,1,13,3,0,0,0,24,1,1,0
147,1,11,16,0,0,0,24,1,1,0
113,1,16,8,0,0,0,24,1,1,0
69,1,13,5,0,0,0,24,1,1,0
59,1,11,15,0,0,0,24,1,1,0
54,1,13,14,0,0,0,24,1,1,0
87,1,11,14,0,0,0,24,1,1,0
44,1,15,2,0,0,0,24,1,1,0
41,1,13,18,0,0,0,24,1,1,0
53,1,17,18,0,0,0,24,1,1,0
122,1,19,10,0,0,0,24,1,1,0
144,1,8,5,0,0,0,24,1,1,0
54,1,8,8,0,0,0,24,1,1,0
48,1,10,9,0,0,0,24,1,1,0
88,1,14,10,0,0,0,24,1,1,0
29,1,20,3,0,0,0,24,1,1,0
65,1,16,3,0,0,0,24,1,1,0
131,1,17,1,0,0,0,24,1,1,0
120,1,12,1,0,0,0,24,1,1,0
89,1,13,1,0,0,0,24,1,1,0
115,1,19,15,0,0,0,24,1,1,0
128,1,8,7,0,0,0,24,1,1,0
27,1,13,17,0,0,0,24,1,1,0
106,1,18,18,0,0,0,24,1,1,0
95,1,11,5,0,0,0,24,1,1,0
57,1,16,6,0,0,0,24,1,1,0
35,1,19,8,0,0,0,24,1,1,0
19,1,13,4,0,0,0,24,1,1,0
71,1,18,15,0,0,0,24,1,1,0
54,1,15,19,0,0,0,24,1,1,0
24,1,10,3,0,0,0,24,1,1,0
148,1,17,18,0,0,0,24,1,1,0
104,1,10,19,0,0,0,24,1,1,0
34,1,11,9,0,0,0,24,1,1,0
45,1,13,15,0,0,0,24,1,1,0
92,1,13,12,0,0,0,24,1,1,0
140,1,17,12,0,0,0,24,1,1,0
8,1,20,11,0,0,0,24,1,1,0
83,1,9,8,0,0,0,24,1,1,0
115,1,9,18,0,0,0,24,1,1,0
79,1,18,14,0,0,0,24,1,1,0
85,1,19,13,0,0,0,24,1,1,0
66,1,15,18,0,0,0,24,1,1,0
69,1,18,19,0,0,0,24,1,1,0
97,1,8,14,0,0,0,24,1,1,0
43,1,10,7,0,0,0,24,1,1,0
53,1,13,20,0,0,0,24,1,1,0
49,1,10,2,0,0,0,24,1,1,0
127,1,19,17,0,0,0,24,1,1,0
65,1,13,15,0,0,0,24,1,1,0
28,1,18,11,0,0,0,24,1,1,0
37,1,18,1,0,0,0,24,1,1,0
93,1,16,4,0,0,0,24,1,1,0
36,1,12,5,0,0,0,24,1,1,0
111,1,15,13,0,0,0,24,1,1,0
116,1,17,4,0,0,0,24,1,1,0
58,1,17,11,0,0,0,24,1,1,0
117,1,10,10,0,0,0,24,1,1,0
123,1,12,13,0,0,0,24,1,1,0
27,1,9,17,0,0,0,24,1,1,0
80,1,13,15,0,0,0,24,1,1,0
119,1,14,13,0,0,0,24,1,1,0
67,1,17,17,0,0,0,24,1,1,0
24,1,16,13,0,0,0,24,1,1,0
114,1,13,17,0,0,0,24,1,1,0
12,1,11,9,0,0,0,24,1,1,0
142,1,20,10,0,0,0,24,1,1,0
73,1,10,10,0,0,0,24,1,1,0
5,1,10,2,0,0,0,24,1,1,0
52,1,20,7,0,0,0,24,1,1,0
96,1,13,6,0,0,0,24,1,1,0
66,1,17,2,0,0,0,24,1,1,0
108,1,13,6,0,0,0,24,1,1,0
63,1,8,9,0,0,0,24,1,1,0
60,1,17,9,0,0,0,24,1,1,0
102,1,14,18,0,0,0,24,1,1,0
74,1,16,17,0,0,0,24,1,1,0
133,1,10,18,0,0,0,24,1,1,0
144,1,15,14,0,0,0,24,1,1,0
111,1,16,4,0,0,0,24,1,1,0
141,1,16,15,0,0,0,24,1,1,0
72,1,19,3,0,0,0,24,1,1,0
8,1,10,19,0,0,0,24,1,1,0
133,1,12,4,0,0,0,24,1,1,0
39,1,10,1,0,0,0,24,1,1,0
85,1,14,19,0,0,0,24,1,1,0
91,1,20,7,0,0,0,24,1,1,0
101,1,11,12,0,0,0,24,1,1,0
65,1,11,18,0,0,0,24,1,1,0
71,1,20,8,0,0,0,24,1,1,0
81,1,19,5,0,0,0,24,1,1,0
6,1,10,13,0,0,0,24,1,1,0
135,1,11,12,0,0,0,24,1,1,0
129,1,20,3,0,0,0,24,1,1,0
39,1,12,3,0,0,0,24,1,1,0
27,1,18,19,0,0,0,24,1,1,0
105,1,15,15,0,0,0,24,1,1,0
143,1,20,7,0,0,0,24,1,1,0
67,1,17,6,0,0,0,24,1,1,0
107,1,18,8,0,0,0,24,1,1,0
68,1,11,14,0,0,0,24,1,1,0
44,1,18,17,0,0,0,24,1,1,0
136,1,19,5,0,0,0,24,1,1,0
91,1,10,3,0,0,0,24,1,1,0
71,1,13,5,0,0,0,24,1,1,0
86,1,19,12,0,0,0,24,1,1,0
11,1,14,20,0,0,0,24,1,1,0
63,1,12,3,0,0,0,24,1,1,0
124,1,17,14,0,0,0,24,1,1,0
81,1,20,19,0,0,0,24,1,1,0
31,1,17,8,0,0,0,24,1,1,0
81,1,19,19,0,0,0,24,1,1,0
129,1,16,12,0,0,0,24,1,1,0
19,1,17,12,0,0,0,24,1,1,0
60,1,19,9,0,0,0,24,1,1,0
19,1,19,3,0,0,0,24,1,1,0
38,1,15,7,0,0,0,24,1,1,0
85,1,12,13,0,0,0,24,1,1,0
58,1,14,12,0,0,0,24,1,1,0
90,1,14,3,0,0,0,24,1,1,0
67,1,9,12,0,0,0,24,1,1,0
69,1,8,1,0,0,0,24,1,1,0
17,1,16,10,0,0,0,24,1,1,0
112,1,12,9,0,0,0,24,1,1,0
52,1,18,2,0,0,0,24,1,1,0
137,1,16,1,0,0,0,24,1,1,0
58,1,11,13,0,0,0,24,1,1,0
12,1,10,7,0,0,0,24,1,1,0
15,1,14,2,0,0,0,24,1,1,0
85,1,20,1,0,0,0,24,1,1,0
97,1,17,16,0,0,0,24,1,1,0
127,1,14,3,0,0,0,24,1,1,0
81,1,18,4,0,0,0,24,1,1,0
115,1,8,3,0,0,0,24,1,1,0
120,1,10,10,0,0,0,24,1,1,0
144,1,20,2,0,0,0,24,1,1,0
57,1,19,12,0,0,0,24,1,1,0
96,1,13,14,0,0,0,24,1,1,0
104,1,19,8,0,0,0,24,1,1,0
65,1,9,16,0,0,0,24,1,1,0
113,1,15,20,0,0,0,24,1,1,0
137,1,10,17,0,0,0,24,1,1,0
18,1,12,14,0,0,0,24,1,1,0
72,1,11,12,0,0,0,24,1,1,0
148,1,14,13,0,0,0,24,1,1,0
81,1,10,2,0,0,0,24,1,1,0
77,1,16,16,0,0,0,24,1,1,0
96,1,14,8,0,0,0,24,1,1,0
118,1,14,8,0,0,0,24,1,1,0
126,1,8,10,0,0,0,24,1,1,0
35,1,19,10,0,0,0,24,1,1,0
104,1,12,6,0,0,0,24,1,1,0
128,1,20,8,0,0,0,24,1,1,0
27,1,8,19,0,0,0,24,1,1,0
62,1,18,2,0,0,0,24,1,1,0
98,1,18,13,0,0,0,24,1,1,0
91,1,8,19,0,0,0,24,1,1,0
120,1,20,11,0,0,0,24,1,1,0
78,1,15,3,0,0,0,24,1,1,0
16,1,10,8,0,0,0,24,1,1,0
148,1,15,1,0,0,0,24,1,1,0
146,1,8,17,0,0,0,24,1,1,0
45,1,11,2,0,0,0,24,1,1,0
101,1,14,19,0,0,0,24,1,1,0
20,1,16,10,0,0,0,24,1,1,0
13,1,17,2,0,0,0,24,1,1,0
129,1,15,14,0,0,0,24,1,1,0
119,1,12,9,0,0,0,24,1,1,0
90,1,9,4,0,0,0,24,1,1,0
15,1,20,1,0,0,0,24,1,1,0
61,1,15,10,0,0,0,24,1,1,0
70,1,10,11,0,0,0,24,1,1,0
18,1,15,3,0,0,0,24,1,1,0
99,1,9,5,0,0,0,24,1,1,0
17,1,11,4,0,0,0,24,1,1,0
134,1,14,16,0,0,0,24,1,1,0
14,1,10,8,0,0,0,24,1,1,0
48,1,13,11,0,0,0,24,1,1,0
36,1,16,10,0,0,0,24,1,1,0
86,1,12,16,0,0,0,24,1,1,0
136,1,14,20,0,0,0,24,1,1,0
21,1,11,6,0,0,0,24,1,1,0
114,1,18,3,0,0,0,24,1,1,0
41,1,16,2,0,0,0,24,1,1,0
15,1,15,15,0,0,0,24,1,1,0
31,1,16,1,0,0,0,24,1,1,0
70,1,15,13,0,0,0,24,1,1,0
114,1,16,10,0,0,0,24,1,1,0
20,1,18,16,0,0,0,24,1,1,0
79,1,13,12,0,0,0,24,1,1,0
8,1,14,18,0,0,0,24,1,1,0
106,1,16,14,0,0,0,24,1,1,0
68,1,8,4,0,0,0,24,1,1,0
121,1,19,13,0,0,0,24,1,1,0
84,1,17,2,0,0,0,24,1,1,0
69,1,19,6,0,0,0,24,1,1,0
14,1,14,12,0,0,0,24,1,1,0
147,1,14,5,0,0,0,24,1,1,0
117,1,15,15,0,0,0,24,1,1,0
124,1,15,12,0,0,0,24,1,1,0
37,1,9,2,0,0,0,24,1,1,0
68,1,17,3,0,0,0,24,1,1,0
44,1,18,15,0,0,0,24,1,1,0
133,1,14,5,0,0,0,24,1,1,0
147,1,14,10,0,0,0,24,1,1,0
82,1,16,18,0,0,0,24,1,1,0
98,1,10,13,0,0,0,24,1,1,0
110,1,17,11,0,0,0,24,1,1,0
84,1,15,13,0,0,0,24,1,1,0
114,1,13,8,0,0,0,24,1,1,0
54,1,9,18,0,0,0,24,1,1,0
79,1,9,7,0,0,0,24,1,1,0
33,1,14,4,0,0,0,24,1,1,0
90,1,9,15,0,0,0,24,1,1,0
142,1,8,14,0,0,0,24,1,1,0
21,1,8,3,0,0,0,24,1,1,0
115,1,12,14,0,0,0,24,1,1,0
112,1,15,1,0,0,0,24,1,1,0
37,1,13,12,0,0,0,24,1,1,0
110,1,17,11,0,0,0,24,1,1,0
26,1,15,15,0,0,0,24,1,1,0
127,1,19,18,0,0,0,24,1,1,0
20,1,13,1,0,0,0,24,1,1,0
87,1,18,12,0,0,0,24,1,1,0
44,1,12,3,0,0,0,24,1,1,0
83,1,15,13,0,0,0,24,1,1,0
51,1,16,19,0,0,0,24,1,1,0
45,1,17,8,0,0,0,24,1,1,0
114,1,13,12,0,0,0,24,1,1,0
10,1,12,8,0,0,0,24,1,1,0
12,1,18,12,0,0,0,24,1,1,0
44,1,15,13,0,0,0,24,1,1,0
51,1,9,9,0,0,0,24,1,1,0
59,1,19,7,0,0,0,24,1,1,0
16,1,12,7,0,0,0,24,1,1,0
114,1,11,15,0,0,0,24,1,1,0
19,1,20,19,0,0,0,24,1,1,0
41,1,12,1,0,0,0,24,1,1,0
12,1,8,10,0,0,0,24,1,1,0
47,1,14,19,0,0,0,24,1,1,0
139,1,13,4,0,0,0,24,1,1,0
149,1,18,10,0,0,0,24,1,1,0
61,1,9,3,0,0,0,24,1,1,0
135,1,15,18,0,0,0,24,1,1,0
52,1,19,2,0,0,0,24,1,1,0
58,1,20,16,0,0,0,24,1,1,0
79,1,12,10,0,0,0,24,1,1,0
47,1,19,6,0,0,0,24,1,1,0
84,1,11,16,0,0,0,24,1,1,0
106,1,9,8,0,0,0,24,1,1,0
24,1,19,4,0,0,0,24,1,1,0
128,1,17,11,0,0,0,24,1,1,0
55,1,16,16,0,0,0,24,1,1,0
81,1,19,14,0,0,0,24,1,1,0
49,1,15,15,0,0,0,24,1,1,0
97,1,19,7,0,0,0,24,1,1,0
23,1,11,3,0,0,0,24,1,1,0
87,1,20,7,0,0,0,24,1,1,0
74,1,18,3,0,0,0,24,1,1,0
91,1,10,18,0,0,0,24,1,1,0
94,1,12,3,0,0,0,24,1,1,0
111,1,16,17,0,0,0,24,1,1,0
53,1,8,1,0,0,0,24,1,1,0
10,1,11,14,0,0,0,24,1,1,0
78,1,10,4,0,0,0,24,1,1,0
31,1,10,1,0,0,0,24,1,1,0
120,1,17,15,0,0,0,24,1,1,0
36,1,8,7,0,0,0,24,1,1,0
99,1,15,8,0,0,0,24,1,1,0
35,1,10,15,0,0,0,24,1,1,0
121,1,9,1,0,0,0,24,1,1,0
129,1,18,14,0,0,0,24,1,1,0
38,1,12,1,0,0,0,24,1,1,0
49,1,20,12,0,0,0,24,1,1,0
99,1,19,11,0,0,0,24,1,1,0
129,1,19,17,0,0,0,24,1,1,0
23,1,17,14,0,0,0,24,1,1,0
145,1,14,9,0,0,0,24,1,1,0
135,1,13,2,0,0,0,24,1,1,0
34,1,18,10,0,0,0,24,1,1,0
105,1,14,2,0,0,0,24,1,1,0
52,1,17,11,0,0,0,24,1,1,0
110,1,10,11,0,0,0,24,1,1,0
108,1,11,5,0,0,0,24,1,1,0
75,1,16,14,0,0,0,24,1,1,0
46,1,16,11,0,0,0,24,1,1,0
109,1,19,20,0,0,0,24,1,1,0
132,1,17,17,0,0,0,24,1,1,0
106,1,13,8,0,0,0,24,1,1,0
118,1,9,19,0,0,0,24,1,1,0
148,1,8,16,0,0,0,24,1,1,0
39,1,12,14,0,0,0,24,1,1,0
107,1,9,14,0,0,0,24,1,1,0
80,1,9,12,0,0,0,24,1,1,0
64,1,16,5,0,0,0,24,1,1,0
91,1,10,15,0,0,0,24,1,1,0
49,1,16,8,0,0,0,24,1,1,0
104,1,20,19,0,0,0,24,1,1,0
143,1,19,17,0,0,0,24,1,1,0
9,1,8,8,0,0,0,24,1,1,0
114,1,13,4,0,0,0,24,1,1,0
70,1,14,7,0,0,0,24,1,1,0
98,1,14,13,0,0,0,24,1,1,0
110,1,9,20,0,0,0,24,1,1,0
94,1,16,1,0,0,0,24,1,1,0
14,1,20,8,0,0,0,24,1,1,0
75,1,11,12,0,0,0,24,1,1,0
120,1,15,3,0,0,0,24,1,1,0
10,1,17,6,0,0,0,24,1,1,0
17,1,16,6,0,0,0,24,1,1,0
81,1,12,10,0,0,0,24,1,1,0
5,1,8,6,0,0,0,24,1,1,0
145,1,16,15,0,0,0,24,1,1,0
37,1,9,5,0,0,0,24,1,1,0
14,1,14,16,0,0,0,24,1,1,0
108,1,14,11,0,0,0,24,1,1,0
92,1,10,13,0,0,0,24,1,1,0
80,1,10,14,0,0,0,24,1,1,0
46,1,8,1,0,0,0,24,1,1,0
137,1,17,17,0,0,0,24,1,1,0
10,1,9,13,0,0,0,24,1,1,0
74,1,16,9,0,0,0,24,1,1,0
47,1,15,7,0,0,0,24,1,1,0
121,1,14,15,0,0,0,24,1,1,0
24,1,8,9,0,0,0,24,1,1,0
13,1,12,6,0,0,0,24,1,1,0
63,1,16,7,0,0,0,24,1,1,0
26,1,11,20,0,0,0,24,1,1,0
23,1,16,8,0,0,0,24,1,1,0
15,1,19,16,0,0,0,24,1,1,0
58,1,16,19,0,0,0,24,1,1,0
49,1,12,17,0,0,0,24,1,1,0
145,1,9,13,0,0,0,24,1,1,0
66,1,8,11,0,0,0,24,1,1,0
53,1,17,15,0,0,0,24,1,1,0
104,1,10,1,0,0,0,24,1,1,0
144,1,14,5,0,0,0,24,1,1,0
15,1,14,6,0,0,0,24,1,1,0
52,1,8,1,0,0,0,24,1,1,0
45,1,18,1,0,0,0,24,1,1,0
91,1,14,16,0,0,0,24,1,1,0
130,1,15,10,0,0,0,24,1,1,0
118,1,10,16,0,0,0,24,1,1,0
48,1,20,19,0,0,0,24,1,1,0
65,1,20,20,0,0,0,24,1,1,0
46,1,10,1,0,0,0,24,1,1,0
39,1,10,3,0,0,0,24,1,1,0
103,1,14,20,0,0,0,24,1,1,0
72,1,19,15,0,0,0,24,1,1,0
121,1,20,10,0,0,0,24,1,1,0
115,1,11,11,0,0,0,24,1,1,0
86,1,15,8,0,0,0,24,1,1,0
97,1,16,5,0,0,0,24,1,1,0
142,1,19,16,0,0,0,24,1,1,0
116,1,13,7,0,0,0,24,1,1,0
15,1,20,4,0,0,0,24,1,1,0
144,1,10,4,0,0,0,24,1,1,0
135,1,9,5,0,0,0,24,1,1,0
82,1,14,15,0,0,0,24,1,1,0
41,1,8,10,0,0,0,24,1,1,0
87,1,16,11,0,0,0,24,1,1,0
20,1,16,19,0,0,0,24,1,1,0
64,1,16,18,0,0,0,24,1,1,0
135,1,17,11,0,0,0,24,1,1,0
81,1,20,6,0,0,0,24,1,1,0
47,1,20,4,0,0,0,24,1,1,0
143,1,11,6,0,0,0,24,1,1,0
85,1,10,1,0,0,0,24,1,1,0
77,1,15,17,0,0,0,24,1,1,0
108,1,10,5,0,0,0,24,1,1,0
98,1,12,3,0,0,0,24,1,1,0
62,1,16,15,0,0,0,24,1,1,0
23,1,8,19,0,0,0,24,1,1,0
29,1,8,2,0,0,0,24,1,1,0
17,1,10,14,0,0,0,24,1,1,0
78,1,16,16,0,0,0,24,1,1,0
56,1,14,18,0,0,0,24,1,1,0
74,1,18,10,0,0,0,24,1,1,0
66,1,9,12,0,0,0,24,1,1,0
56,1,18,5,0,0,0,24,1,1,0
43,1,19,3,0,0,0,24,1,1,0
53,1,18,6,0,0,0,24,1,1,0
97,1,11,10,0,0,0,24,1,1,0
127,1,11,2,0,0,0,24,1,1,0
81,1,9,1,0,0,0,24,1,1,0
96,1,17,1,0,0,0,24,1,1,0
14,1,16,6,0,0,0,24,1,1,0
95,1,10,17,0,0,0,24,1,1,0
98,1,8,16,0,0,0,24,1,1,0
100,1,15,18,0,0,0,24,1,1,0
103,1,18,5,0,0,0,24,1,1,0
22,1,9,15,0,0,0,24,1,1,0
93,1,10,15,0,0,0,24,1,1,0
20,1,10,12,0,0,0,24,1,1,0
123,1,18,16,0,0,0,24,1,1,0
53,1,19,20,0,0,0,24,1,1,0
78,1,13,17,0,0,0,24,1,1,0
114,1,12,18,0,0,0,24,1,1,0
70,1,14,5,0,0,0,24,1,1,0
50,1,9,1,0,0,0,24,1,1,0
129,1,9,1,0,0,0,24,1,1,0
75,1,16,11,0,0,0,24,1,1,0
73,1,9,8,0,0,0,24,1,1,0
111,1,19,3,0,0,0,24,1,1,0
116,1,13,6,0,0,0,24,1,1,0
134,1,14,11,0,0,0,24,1,1,0
139,1,18,12,0,0,0,24,1,1,0
54,1,14,10,0,0,0,24,1,1,0
128,1,17,7,0,0,0,24,1,1,0
56,1,13,4,0,0,0,24,1,1,0
30,1,11,17,0,0,0,24,1,1,0
31,1,16,8,0,0,0,24,1,1,0
106,1,8,5,0,0,0,24,1,1,0
146,1,14,11,0,0,0,24,1,1,0
104,1,14,7,0,0,0,24,1,1,0
30,1,16,16,0,0,0,24,1,1,0
24,1,15,5,0,0,0,24,1,1,0
109,1,16,4,0,0,0,24,1,1,0
34,1,14,14,0,0,0,24,1,1,0
61,1,16,5,0,0,0,24,1,1,0
79,1,8,19,0,0,0,24,1,1,0
145,1,13,18,0,0,0,24,1,1,0
90,1,8,6,0,0,0,24,1,1,0
105,1,8,1,0,0,0,24,1,1,0
24,1,15,20,0,0,0,24,1,1,0
11,1,15,6,0,0,0,24,1,1,0
77,1,8,20,0,0,0,24,1,1,0
32,1,12,7,0,0,0,24,1,1,0
78,1,12,8,0,0,0,24,1,1,0
47,1,18,18,0,0,0,24,1,1,0
89,1,17,6,0,0,0,24,1,1,0
29,1,14,10,0,0,0,24,1,1,0
79,1,16,19,0,0,0,24,1,1,0
87,1,11,18,0,0,0,24,1,1,0
9,1,15,8,0,0,0,24,1,1,0
93,1,20,17,0,0,0,24,1,1,0
11,1,17,4,0,0,0,24,1,1,0
8,1,10,5,0,0,0,24,1,1,0
101,1,20,13,0,0,0,24,1,1,0
36,1,14,5,0,0,0,24,1,1,0
65,1,19,8,0,0,0,24,1,1,0
37,1,15,9,0,0,0,24,1,1,0
100,1,8,8,0,0,0,24,1,1,0
5,1,20,2,0,0,0,24,1,1,0
135,1,15,6,0,0,0,24,1,1,0
114,1,17,4,0,0,0,24,1,1,0
28,1,17,3,0,0,0,24,1,1,0
42,1,9,17,0,0,0,24,1,1,0
52,1,12,12,0,0,0,24,1,1,0
77,1,18,13,0,0,0,24,1,1,0
75,1,14,19,0,0,0,24,1,1,0
35,1,18,14,0,0,0,24,1,1,0
69,1,9,16,0,0,0,24,1,1,0
42,1,10,16,0,0,0,24,1,1,0
103,1,9,2,0,0,0,24,1,1,0
143,1,8,10,0,0,0,24,1,1,0
136,1,19,15,0,0,0,24,1,1,0
47,1,15,2,0,0,0,24,1,1,0
122,1,15,10,0,0,0,24,1,1,0
101,1,9,15,0,0,0,24,1,1,0
115,1,9,4,0,0,0,24,1,1,0
12,1,17,16,0,0,0,24,1,1,0
53,1,17,12,0,0,0,24,1,1,0
89,1,8,2,0,0,0,24,1,1,0
27,1,14,5,0,0,0,24,1,1,0
126,1,19,19,0,0,0,24,1,1,0
56,1,15,8,0,0,0,24,1,1,0
99,1,9,7,0,0,0,24,1,1,0
63,1,20,19,0,0,0,24,1,1,0
113,1,12,14,0,0,0,24,1,1,0
43,1,15,9,0,0,0,24,1,1,0
106,1,12,9,0,0,0,24,1,1,0
134,1,12,2,0,0,0,24,1,1,0
119,1,15,17,0,0,0,24,1,1,0
12,1,15,8,0,0,0,24,1,1,0
24,1,12,7,0,0,0,24,1,1,0
53,1,13,19,0,0,0,24,1,1,0
63,1,13,6,0,0,0,24,1,1,0
9,1,11,14,0,0,0,24,1,1,0
106,1,20,17,0,0,0,24,1,1,0
145,1,12,15,0,0,0,24,1,1,0
15,1,15,5,0,0,0,24,1,1,0
59,1,9,12,0,0,0,24,1,1,0
113,1,11,17,0,0,0,24,1,1,0
139,1,18,8,0,0,0,24,1,1,0
74,1,10,7,0,0,0,24,1,1,0
113,1,8,19,0,0,0,24,1,1,0
77,1,17,2,0,0,0,24,1,1,0
92,1,10,17,0,0,0,24,1,1,0
129,1,18,4,0,0,0,24,1,1,0
97,1,15,5,0,0,0,24,1,1,0
31,1,13,16,0,0,0,24,1,1,0
70,1,17,8,0,0,0,24,1,1,0
13,1,13,16,0,0,0,24,1,1,0
95,1,15,12,0,0,0,24,1,1,0
42,1,15,13,0,0,0,24,1,1,0
146,1,17,5,0,0,0,24,1,1,0
148,1,11,13,0,0,0,24,1,1,0
7,1,10,6,0,0,0,24,1,1,0
46,1,12,3,0,0,0,24,1,1,0
133,1,19,3,0,0,0,24,1,1,0
108,1,20,11,0,0,0,24,1,1,0
130,1,8,2,0,0,0,24,1,1,0
56,1,17,15,0,0,0,24,1,1,0
130,1,11,4,0,0,0,24,1,1,0
13,1,14,14,0,0,0,24,1,1,0
43,1,9,15,0,0,0,24,1,1,0
110,1,15,6,0,0,0,24,1,1,0
145,1,20,5,0,0,0,24,1,1,0
122,1,16,13,0,0,0,24,1,1,0
128,1,18,11,0,0,0,24,1,1,0
52,1,19,9,0,0,0,24,1,1,0
88,1,18,11,0,0,0,24,1,1,0
85,1,10,10,0,0,0,24,1,1,0
23,1,11,4,0,0,0,24,1,1,0
120,1,19,9,0,0,0,24,1,1,0
90,1,12,14,0,0,0,24,1,1,0
135,1,19,1,0,0,0,24,1,1,0
91,1,13,1,0,0,0,24,1,1,0
118,1,20,11,0,0,0,24,1,1,0
119,1,17,18,0,0,0,24,1,1,0
102,1,19,6,0,0,0,24,1,1,0
96,1,15,9,0,0,0,24,1,1,0
101,1,16,5,0,0,0,24,1,1,0
92,1,15,14,0,0,0,24,1,1,0
21,1,12,9,0,0,0,24,1,1,0
58,1,12,17,0,0,0,24,1,1,0
33,1,9,3,0,0,0,24,1,1,0
133,1,18,4,0,0,0,24,1,1,0
90,1,18,17,0,0,0,24,1,1,0
89,1,8,20,0,0,0,24,1,1,0
48,1,10,7,0,0,0,24,1,1,0
138,1,15,14,0,0,0,24,1,1,0
31,1,10,5,0,0,0,24,1,1,0
140,1,19,5,0,0,0,24,1,1,0
81,1,9,18,0,0,0,24,1,1,0
35,1,13,7,0,0,0,24,1,1,0
81,1,12,12,0,0,0,24,1,1,0
65,1,20,20,0,0,0,24,1,1,0
147,1,9,3,0,0,0,24,1,1,0
29,1,15,19,0,0,0,24,1,1,0
37,1,19,4,0,0,0,24,1,1,0
89,1,20,12,0,0,0,24,1,1,0
82,1,15,11,0,0,0,24,1,1,0
16,1,16,1,0,0,0,24,1,1,0
8,1,11,15,0,0,0,24,1,1,0
103,1,13,1,0,0,0,24,1,1,0
13,1,16,1,0,0,0,24,1,1,0
41,1,13,18,0,0,0,24,1,1,0
82,1,19,19,0,0,0,24,1,1,0
19,1,20,8,0,0,0,24,1,1,0
121,1,18,7,0,0,0,24,1,1,0
41,1,12,13,0,0,0,24,1,1,0
9,1,8,8,0,0,0,24,1,1,0
31,1,19,20,0,0,0,24,1,1,0
49,1,13,20,0,0,0,24,1,1,0
109,1,17,3,0,0,0,24,1,1,0
14,1,8,17,0,0,0,24,1,1,0
44,1,11,13,0,0,0,24,1,1,0
43,1,18,5,0,0,0,24,1,1,0
132,1,20,6,0,0,0,24,1,1,0
18,1,17,17,0,0,0,24,1,1,0
106,1,8,18,0,0,0,24,1,1,0
106,1,8,15,0,0,0,24,1,1,0
137,1,10,14,0,0,0,24,1,1,0
106,1,14,12,0,0,0,24,1,1,0
78,1,18,11,0,0,0,24,1,1,0
23,1,19,4,0,0,0,24,1,1,0
57,1,15,4,0,0,0,24,1,1,0
111,1,14,1,0,0,0,24,1,1,0
120,1,17,17,0,0,0,24,1,1,0
46,1,8,14,0,0,0,24,1,1,0
44,1,8,19,0,0,0,24,1,1,0
107,1,11,11,0,0,0,24,1,1,0
6,1,19,12,0,0,0,24,1,1,0
81,1,10,7,0,0,0,24,1,1,0
145,1,18,9,0,0,0,24,1,1,0
83,1,18,7,0,0,0,24,1,1,0
92,1,13,20,0,0,0,24,1,1,0
12,1,16,1,0,0,0,24,1,1,0
110,1,9,10,0,0,0,24,1,1,0
125,1,17,8,0,0,0,24,1,1,0
90,1,14,8,0,0,0,24,1,1,0
111,1,13,13,0,0,0,24,1,1,0
5,1,14,5,0,0,0,24,1,1,0
8,1,18,3,0,0,0,24,1,1,0
38,1,13,19,0,0,0,24,1,1,0
89,1,16,9,0,0,0,24,1,1,0
80,1,19,15,0,0,0,24,1,1,0
104,1,20,2,0,0,0,24,1,1,0
82,1,11,11,0,0,0,24,1,1,0
138,1,17,10,0,0,0,24,1,1,0
100,1,15,2,0,0,0,24,1,1,0
49,1,19,2,0,0,0,24,1,1,0
120,1,17,18,0,0,0,24,1,1,0
26,1,13,9,0,0,0,24,1,1,0
114,1,12,3,0,0,0,24,1,1,0
18,1,11,6,0,0,0,24,1,1,0
79,1,11,10,0,0,0,24,1,1,0
6,1,13,18,0,0,0,24,1,1,0
150,1,19,19,0,0,0,24,1,1,0
58,1,16,9,0,0,0,24,1,1,0
30,1,8,1,0,0,0,24,1,1,0
9,1,19,13,0,0,0,24,1,1,0
129,1,20,14,0,0,0,24,1,1,0
6,1,11,14,0,0,0,24,1,1,0
135,1,19,18,0,0,0,24,1,1,0
31,1,10,17,0,0,0,24,1,1,0
6,1,8,4,0,0,0,24,1,1,0
14,1,19,4,0,0,0,24,1,1,0
56,1,19,19,0,0,0,24,1,1,0
63,1,10,1,0,0,0,24,1,1,0
123,1,11,5,0,0,0,24,1,1,0
73,1,16,2,0,0,0,24,1,1,0
95,1,14,12,0,0,0,24,1,1,0
117,1,10,7,0,0,0,24,1,1,0
106,1,17,2,0,0,0,24,1,1,0
53,1,14,18,0,0,0,24,1,1,0
82,1,12,13,0,0,0,24,1,1,0
22,1,8,13,0,0,0,24,1,1,0
115,1,8,11,0,0,0,24,1,1,0
72,1,17,14,0,0,0,24,1,1,0
78,1,18,12,0,0,0,24,1,1,0
70,1,10,15,0,0,0,24,1,1,0
24,1,18,7,0,0,0,24,1,1,0
150,1,18,13,0,0,0,24,1,1,0
61,1,9,18,0,0,0,24,1,1,0
40,1,18,18,0,0,0,24,1,1,0
119,1,8,16,0,0,0,24,1,1,0
136,1,17,3,0,0,0,24,1,1,0
65,1,19,3,0,0,0,24,1,1,0
111,1,11,4,0,0,0,24,1,1,0
94,1,18,15,0,0,0,24,1,1,0
46,1,16,14,0,0,0,24,1,1,0
118,1,11,6,0,0,0,24,1,1,0
95,1,13,17,0,0,0,24,1,1,0
35,1,11,20,0,0,0,24,1,1,0
69,1,13,10,0,0,0,24,1,1,0
104,1,15,19,0,0,0,24,1,1,0
59,1,20,1,0,0,0,24,1,1,0
93,1,18,20,0,0,0,24,1,1,0
132,1,11,4,0,0,0,24,1,1,0
51,1,14,17,0,0,0,24,1,1,0
149,1,10,20,0,0,0,24,1,1,0
109,1,16,3,0,0,0,24,1,1,0
138,1,20,17,0,0,0,24,1,1,0
46,1,9,6,0,0,0,24,1,1,0
94,1,11,9,0,0,0,24,1,1,0
90,1,14,4,0,0,0,24,1,1,0
53,1,9,3,0,0,0,24,1,1,0
98,1,19,7,0,0,0,24,1,1,0
71,1,12,19,0,0,0,24,1,1,0
35,1,12,18,0,0,0,24,1,1,0
81,1,12,4,0,0,0,24,1,1,0
134,1,20,7,0,0,0,24,1,1,0
143,1,19,1,0,0,0,24,1,1,0
78,1,8,20,0,0,0,24,1,1,0
44,1,14,11,0,0,0,24,1,1,0
39,1,11,12,0,0,0,24,1,1,0
49,1,15,20,0,0,0,24,1,1,0
8,1,15,12,0,0,0,24,1,1,0
66,1,10,2,0,0,0,24,1,1,0
113,1,11,5,0,0,0,24,1,1,0
31,1,16,5,0,0,0,24,1,1,0
38,1,9,15,0,0,0,24,1,1,0
44,1,9,9,0,0,0,24,1,1,0
82,1,14,7,0,0,0,24,1,1,0
8,1,13,7,0,0,0,24,1,1,0
21,1,8,13,0,0,0,24,1,1,0
38,1,18,4,0,0,0,24,1,1,0
112,1,14,8,0,0,0,24,1,1,0
116,1,15,17,0,0,0,24,1,1,0
11,1,15,1,0,0,0,24,1,1,0
40,1,13,16,0,0,0,24,1,1,0
81,1,17,20,0,0,0,24,1,1,0
67,1,13,6,0,0,0,24,1,1,0
115,1,16,1,0,0,0,24,1,1,0
75,1,20,5,0,0,0,24,1,1,0
144,1,17,9,0,0,0,24,1,1,0
52,1,19,20,0,0,0,24,1,1,0
29,1,12,7,0,0,0,24,1,1,0
119,1,9,19,0,0,0,24,1,1,0
63,1,10,16,0,0,0,24,1,1,0
66,1,12,18,0,0,0,24,1,1,0
27,1,18,12,0,0,0,24,1,1,0
31,1,15,15,0,0,0,24,1,1,0
136,1,9,19,0,0,0,24,1,1,0
93,1,14,9,0,0,0,24,1,1,0
20,1,13,6,0,0,0,24,1,1,0
133,1,12,3,0,0,0,24,1,1,0
45,1,16,6,0,0,0,24,1,1,0
105,1,15,14,0,0,0,24,1,1,0
135,1,13,3,0,0,0,24,1,1,0
143,1,9,1,0,0,0,24,1,1,0
15,1,17,11,0,0,0,24,1,1,0
7,1,8,11,0,0,0,24,1,1,0
87,1,18,18,0,0,0,24,1,1,0
37,1,14,10,0,0,0,24,1,1,0
15,1,9,1,0,0,0,24,1,1,0
75,1,8,13,0,0,0,24,1,1,0
142,1,8,9,0,0,0,24,1,1,0
41,1,14,8,0,0,0,24,1,1,0
134,1,19,13,0,0,0,24,1,1,0
66,1,10,10,0,0,0,24,1,1,0
78,1,11,15,0,0,0,24,1,1,0
45,1,19,18,0,0,0,24,1,1,0
63,1,18,8,0,0,0,24,1,1,0
20,1,12,2,0,0,0,24,1,1,0
63,1,16,16,0,0,0,24,1,1,0
78,1,13,11,0,0,0,24,1,1,0
148,1,19,15,0,0,0,24,1,1,0
36,1,10,7,0,0,0,24,1,1,0
118,1,17,7,0,0,0,24,1,1,0
98,1,15,6,0,0,0,24,1,1,0
146,1,18,16,0,0,0,24,1,1,0
86,1,17,11,0,0,0,24,1,1,0
107,1,19,12,0,0,0,24,1,1,0
93,1,16,19,0,0,0,24,1,1,0
116,1,15,20,0,0,0,24,1,1,0
8,1,15,4,0,0,0,24,1,1,0
72,1,9,16,0,0,0,24,1,1,0
114,1,10,16,0,0,0,24,1,1,0
28,1,15,10,0,0,0,24,1,1,0
35,1,19,17,0,0,0,24,1,1,0
42,1,10,3,0,0,0,24,1,1,0
132,1,11,4,0,0,0,24,1,1,0
35,1,13,16,0,0,0,24,1,1,0
55,1,15,12,0,0,0,24,1,1,0
127,1,9,7,0,0,0,24,1,1,0
62,1,9,11,0,0,0,24,1,1,0
83,1,15,10,0,0,0,24,1,1,0
146,1,11,8,0,0,0,24,1,1,0
122,1,8,14,0,0,0,24,1,1,0
39,1,8,1,0,0,0,24,1,1,0
131,1,17,3,0,0,0,24,1,1,0
12,1,17,12,0,0,0,24,1,1,0
49,1,16,15,0,0,0,24,1,1,0
88,1,14,2,0,0,0,24,1,1,0
139,1,18,2,0,0,0,24,1,1,0
145,1,13,18,0,0,0,24,1,1,0
77,1,18,16,0,0,0,24,1,1,0
48,1,9,12,0,0,0,24,1,1,0
88,1,15,8,0,0,0,24,1,1,0
91,1,8,5,0,0,0,24,1,1,0
99,1,14,2,0,0,0,24,1,1,0
65,1,19,11,0,0,0,24,1,1,0
13,1,15,5,0,0,0,24,1,1,0
95,1,20,10,0,0,0,24,1,1,0
81,1,13,18,0,0,0,24,1,1,0
11,1,14,7,0,0,0,24,1,1,0
137,1,11,20,0,0,0,24,1,1,0
149,1,14,18,0,0,0,24,1,1,0
6,1,9,3,0,0,0,24,1,1,0
127,1,16,15,0,0,0,24,1,1,0
89,1,17,19,0,0,0,24,1,1,0
100,1,12,19,0,0,0,24,1,1,0
75,1,8,7,0,0,0,24,1,1,0
77,1,19,4,0,0,0,24,1,1,0
102,1,12,5,0,0,0,24,1,1,0
38,1,19,7,0,0,0,24,1,1,0
114,1,11,10,0,0,0,24,1,1,0
143,1,10,5,0,0,0,24,1,1,0
15,1,8,7,0,0,0,24,1,1,0
103,1,11,16,0,0,0,24,1,1,0
87,1,16,18,0,0,0,24,1,1,0
48,1,16,18,0,0,0,24,1,1,0
49,1,16,1,0,0,0,24,1,1,0
95,1,20,17,0,0,0,24,1,1,0
140,1,13,13,0,0,0,24,1,1,0
145,1,15,8,0,0,0,24,1,1,0
103,1,13,20,0,0,0,24,1,1,0
88,1,18,9,0,0,0,24,1,1,0
63,1,18,4,0,0,0,24,1,1,0
47,1,9,14,0,0,0,24,1,1,0
84,1,17,12,0,0,0,24,1,1,0
134,1,15,16,0,0,0,24,1,1,0
89,1,18,7,0,0,0,24,1,1,0
70,1,17,18,0,0,0,24,1,1,0
83,1,18,17,0,0,0,24,1,1,0
20,1,15,11,0,0,0,24,1,1,0
106,1,15,1,0,0,0,24,1,1,0
25,1,16,6,0,0,0,24,1,1,0
52,1,11,17,0,0,0,24,1,1,0
45,1,13,19,0,0,0,24,1,1,0
84,1,16,2,0,0,0,24,1,1,0
105,1,19,10,0,0,0,24,1,1,0
140,1,16,1,0,0,0,24,1,1,0
24,1,18,15,0,0,0,24,1,1,0
66,1,9,7,0,0,0,24,1,1,0
76,1,9,14,0,0,0,24,1,1,0
52,1,18,6,0,0,0,24,1,1,0
7,1,20,17,0,0,0,24,1,1,0
122,1,14,10,0,0,0,24,1,1,0
79,1,13,7,0,0,0,24,1,1,0
20,1,12,12,0,0,0,24,1,1,0
125,1,17,20,0,0,0,24,1,1,0
73,1,20,15,0,0,0,24,1,1,0
124,1,12,2,0,0,0,24,1,1,0
32,1,10,13,0,0,0,24,1,1,0
8,1,20,18,0,0,0,24,1,1,0
74,1,15,2,0,0,0,24,1,1,0
138,1,9,14,0,0,0,24,1,1,0
23,1,10,10,0,0,0,24,1,1,0
7,1,17,6,0,0,0,24,1,1,0
109,1,8,2,0,0,0,24,1,1,0
33,1,19,6,0,0,0,24,1,1,0
86,1,13,4,0,0,0,24,1,1,0
108,1,16,11,0,0,0,24,1,1,0
82,1,16,7,0,0,0,24,1,1,0
50,1,9,12,0,0,0,24,1,1,0
87,1,10,10,0,0,0,24,1,1,0
135,1,13,1,0,0,0,24,1,1,0
33,1,10,6,0,0,0,24,1,1,0
119,1,18,2,0,0,0,24,1,1,0
110,1,19,8,0,0,0,24,1,1,0
80,1,17,8,0,0,0,24,1,1,0
44,1,10,3,0,0,0,24,1,1,0
43,1,17,7,0,0,0,24,1,1,0
58,1,8,16,0,0,0,24,1,1,0
59,1,20,4,0,0,0,24,1,1,0
87,1,11,17,0,0,0,24,1,1,0
23,1,8,13,0,0,0,24,1,1,0
118,1,19,2,0,0,0,24,1,1,0
30,1,8,17,0,0,0,24,1,1,0
44,1,20,5,0,0,0,24,1,1,0
25,1,9,16,0,0,0,24,1,1,0
36,1,8,16,0,0,0,24,1,1,0
50,1,19,8,0,0,0,24,1,1,0
98,1,10,19,0,0,0,24,1,1,0
78,1,13,1,0,0,0,24,1,1,0
146,1,13,19,0,0,0,24,1,1,0
23,1,18,3,0,0,0,24,1,1,0
26,1,19,15,0,0,0,24,1,1,0
140,1,17,14,0,0,0,24,1,1,0
119,1,20,4,0,0,0,24,1,1,0
43,1,13,14,0,0,0,24,1,1,0
89,1,18,16,0,0,0,24,1,1,0
44,1,12,13,0,0,0,24,1,1,0
110,1,10,7,0,0,0,24,1,1,0
39,1,15,4,0,0,0,24,1,1,0
53,1,12,16,0,0,0,24,1,1,0
61,1,14,17,0,0,0,24,1,1,0
92,1,9,19,0,0,0,24,1,1,0
112,1,14,7,0,0,0,24,1,1,0
15,1,19,5,0,0,0,24,1,1,0
136,1,8,11,0,0,0,24,1,1,0
85,1,13,2,0,0,0,24,1,1,0
86,1,15,12,0,0,0,24,1,1,0
71,1,14,15,0,0,0,24,1,1,0
33,1,20,9,0,0,0,24,1,1,0
70,1,13,16,0,0,0,24,1,1,0
82,1,13,18,0,0,0,24,1,1,0
28,1,12,10,0,0,0,24,1,1,0
60,1,17,16,0,0,0,24,1,1,0
31,1,11,15,0,0,0,24,1,1,0
39,1,19,4,0,0,0,24,1,1,0
61,1,12,16,0,0,0,24,1,1,0
94,1,9,17,0,0,0,24,1,1,0
54,1,14,9,0,0,0,24,1,1,0
6,1,11,9,0,0,0,24,1,1,0
13,1,10,18,0,0,0,24,1,1,0
46,1,17,18,0,0,0,24,1,1,0
118,1,18,9,0,0,0,24,1,1,0
104,1,12,3,0,0,0,24,1,1,0
22,1,19,8,0,0,0,24,1,1,0
80,1,8,12,0,0,0,24,1,1,0
93,1,14,8,0,0,0,24,1,1,0
88,1,12,12,0,0,0,24,1,1,0
125,1,15,13,0,0,0,24,1,1,0
105,1,17,17,0,0,0,24,1,1,0
47,1,9,3,0,0,0,24,1,1,0
99,1,13,8,0,0,0,24,1,1,0
99,1,13,6,0,0,0,24,1,1,0
63,1,11,10,0,0,0,24,1,1,0
149,1,20,3,0,0,0,24,1,1,0
73,1,10,4,0,0,0,24,1,1,0
102,1,15,11,0,0,0,24,1,1,0
54,1,9,13,0,0,0,24,1,1,0
149,1,18,16,0,0,0,24,1,1,0
69,1,19,16,0,0,0,24,1,1,0
41,1,14,7,0,0,0,24,1,1,0
71,1,8,4,0,0,0,24,1,1,0
32,1,10,11,0,0,0,24,1,1,0
37,1,18,10,0,0,0,24,1,1,0
34,1,8,6,0,0,0,24,1,1,0
142,1,12,13,0,0,0,24,1,1,0
112,1,15,4,0,0,0,24,1,1,0
119,1,8,17,0,0,0,24,1,1,0
115,1,20,5,0,0,0,24,1,1,0
144,1,15,7,0,0,0,24,1,1,0
65,1,18,16,0,0,0,24,1,1,0
134,1,18,13,0,0,0,24,1,1,0
150,1,17,10,0,0,0,24,1,1,0
134,1,17,11,0,0,0,24,1,1,0
84,1,16,3,0,0,0,24,1,1,0
84,1,15,12,0,0,0,24,1,1,0
140,1,18,12,0,0,0,24,1,1,0
115,1,15,11,0,0,0,24,1,1,0
60,1,12,2,0,0,0,24,1,1,0
108,1,18,15,0,0,0,24,1,1,0
31,1,18,17,0,0,0,24,1,1,0
45,1,16,15,0,0,0,24,1,1,0
72,1,18,13,0,0,0,24,1,1,0
105,1,13,3,0,0,0,24,1,1,0
61,1,8,14,0,0,0,24,1,1,0
120,1,10,1,0,0,0,24,1,1,0
101,1,19,7,0,0,0,24,1,1,0
6,1,18,3,0,0,0,24,1,1,0
106,1,18,6,0,0,0,24,1,1,0
73,1,20,16,0,0,0,24,1,1,0
95,1,10,4,0,0,0,24,1,1,0
95,1,12,6,0,0,0,24,1,1,0
116,1,19,2,0,0,0,24,1,1,0
129,1,13,19,0,0,0,24,1,1,0
50,1,13,7,0,0,0,24,1,1,0
58,1,8,9,0,0,0,24,1,1,0
39,1,20,3,0,0,0,24,1,1,0
13,1,16,7,0,0,0,24,1,1,0
80,1,14,20,0,0,0,24,1,1,0
23,1,15,11,0,0,0,24,1,1,0
7,1,19,3,0,0,0,24,1,1,0
87,1,11,1,0,0,0,24,1,1,0
100,1,12,5,0,0,0,24,1,1,0
14,1,9,13,0,0,0,24,1,1,0
115,1,10,12,0,0,0,24,1,1,0
88,1,11,1,0,0,0,24,1,1,0
74,1,19,10,0,0,0,24,1,1,0
25,1,17,17,0,0,0,24,1,1,0
144,1,19,17,0,0,0,24,1,1,0
97,1,15,2,0,0,0,24,1,1,0
6,1,19,7,0,0,0,24,1,1,0
35,1,10,6,0,0,0,24,1,1,0
147,1,20,7,0,0,0,24,1,1,0
5,1,20,12,0,0,0,24,1,1,0
69,1,19,19,0,0,0,24,1,1,0
25,1,15,17,0,0,0,24,1,1,0
34,1,12,16,0,0,0,24,1,1,0
49,1,9,7,0,0,0,24,1,1,0
121,1,15,20,0,0,0,24,1,1,0
54,1,12,13,0,0,0,24,1,1,0
14,1,20,16,0,0,0,24,1,1,0
128,1,14,16,0,0,0,24,1,1,0
146,1,19,16,0,0,0,24,1,1,0
120,1,17,5,0,0,0,24,1,1,0
24,1,12,11,0,0,0,24,1,1,0
121,1,15,4,0,0,0,24,1,1,0
138,1,12,12,0,0,0,24,1,1,0
87,1,10,3,0,0,0,24,1,1,0
130,1,9,18,0,0,0,24,1,1,0
32,1,15,1,0,0,0,24,1,1,0
26,1,10,3,0,0,0,24,1,1,0
136,1,18,7,0,0,0,24,1,1,0
32,1,9,16,0,0,0,24,1,1,0
49,1,16,11,0,0,0,24,1,1,0
130,1,17,14,0,0,0,24,1,1,0
60,1,10,1,0,0,0,24,1,1,0
58,1,17,9,0,0,0,24,1,1,0
19,1,10,12,0,0,0,24,1,1,0
53,1,14,8,0,0,0,24,1,1,0
92,1,17,20,0,0,0,24,1,1,0
91,1,16,13,0,0,0,24,1,1,0
127,1,10,13,0,0,0,24,1,1,0
135,1,17,12,0,0,0,24,1,1,0
28,1,13,14,0,0,0,24,1,1,0
112,1,13,15,0,0,0,24,1,1,0
55,1,16,18,0,0,0,24,1,1,0
35,1,8,10,0,0,0,24,1,1,0
34,1,10,12,0,0,0,24,1,1,0
125,1,16,9,0,0,0,24,1,1,0
100,1,11,1,0,0,0,24,1,1,0
94,1,10,7,0,0,0,24,1,1,0
126,1,8,5,0,0,0,24,1,1,0
146,1,12,14,0,0,0,24,1,1,0
90,1,20,11,0,0,0,24,1,1,0
146,1,11,13,0,0,0,24,1,1,0
38,1,10,9,0,0,0,24,1,1,0
57,1,20,5,0,0,0,24,1,1,0
121,1,11,9,0,0,0,24,1,1,0
75,1,15,4,0,0,0,24,1,1,0
83,1,20,16,0,0,0,24,1,1,0
85,1,8,4,0,0,0,24,1,1,0
63,1,9,1,0,0,0,24,1,1,0
82,1,8,14,0,0,0,24,1,1,0
143,1,11,15,0,0,0,24,1,1,0
113,1,10,11,0,0,0,24,1,1,0
84,1,9,17,0,0,0,24,1,1,0
45,1,14,5,0,0,0,24,1,1,0
48,1,9,14,0,0,0,24,1,1,0
72,1,14,4,0,0,0,24,1,1,0
140,1,9,14,0,0,0,24,1,1,0
49,1,17,18,0,0,0,24,1,1,0
98,1,8,16,0,0,0,24,1,1,0
103,1,15,7,0,0,0,24,1,1,0
24,1,16,10,0,0,0,24,1,1,0
137,1,11,16,0,0,0,24,1,1,0
36,1,17,12,0,0,0,24,1,1,0
8,1,16,14,0,0,0,24,1,1,0
130,1,17,10,0,0,0,24,1,1,0
48,1,18,20,0,0,0,24,1,1,0
147,1,15,17,0,0,0,24,1,1,0
124,1,20,5,0,0,0,24,1,1,0
56,1,20,4,0,0,0,24,1,1,0
73,1,16,11,0,0,0,24,1,1,0
54,1,18,3,0,0,0,24,1,1,0
122,1,9,4,0,0,0,24,1,1,0
139,1,15,12,0,0,0,24,1,1,0
21,1,8,16,0,0,0,24,1,1,0
106,1,9,20,0,0,0,24,1,1,0
146,1,14,7,0,0,0,24,1,1,0
19,1,8,7,0,0,0,24,1,1,0
26,1,20,13,0,0,0,24,1,1,0
96,1,13,9,0,0,0,24,1,1,0
102,1,17,10,0,0,0,24,1,1,0
149,1,15,9,0,0,0,24,1,1,0
77,1,14,10,0,0,0,24,1,1,0
83,1,19,10,0,0,0,24,1,1,0
104,1,9,11,0,0,0,24,1,1,0
76,1,8,15,0,0,0,24,1,1,0
70,1,9,15,0,0,0,24,1,1,0
43,1,12,13,0,0,0,24,1,1,0
73,1,9,7,0,0,0,24,1,1,0
94,1,11,12,0,0,0,24,1,1,0
122,1,14,1,0,0,0,24,1,1,0
44,1,10,13,0,0,0,24,1,1,0
74,1,13,7,0,0,0,24,1,1,0
7,1,12,10,0,0,0,24,1,1,0
103,1,9,16,0,0,0,24,1,1,0
101,1,12,1,0,0,0,24,1,1,0
44,1,12,10,0,0,0,24,1,1,0
27,1,10,16,0,0,0,24,1,1,0
139,1,9,9,0,0,0,24,1,1,0
20,1,18,13,0,0,0,24,1,1,0
142,1,16,5,0,0,0,24,1,1,0
56,1,9,6,0,0,0,24,1,1,0
136,1,8,18,0,0,0,24,1,1,0
10,1,10,8,0,0,0,24,1,1,0
64,1,19,17,0,0,0,24,1,1,0
60,1,11,7,0,0,0,24,1,1,0
37,1,10,15,0,0,0,24,1,1,0
104,1,20,7,0,0,0,24,1,1,0
143,1,13,14,0,0,0,24,1,1,0
14,1,16,5,0,0,0,24,1,1,0
20,1,10,2,0,0,0,24,1,1,0
150,1,20,2,0,0,0,24,1,1,0
81,1,18,10,0,0,0,24,1,1,0
29,1,12,8,0,0,0,24,1,1,0
50,1,19,13,0,0,0,24,1,1,0
83,1,10,15,0,0,0,24,1,1,0
43,1,12,3,0,0,0,24,1,1,0
114,1,20,3,0,0,0,24,1,1,0
127,1,8,5,0,0,0,24,1,1,0
74,1,15,5,0,0,0,24,1,1,0
29,1,9,7,0,0,0,24,1,1,0
141,1,20,11,0,0,0,24,1,1,0
71,1,9,4,0,0,0,24,1,1,0
116,1,14,1,0,0,0,24,1,1,0
31,1,18,19,0,0,0,24,1,1,0
111,1,10,6,0,0,0,24,1,1,0
44,1,12,3,0,0,0,24,1,1,0
101,1,12,17,0,0,0,24,1,1,0
138,1,16,17,0,0,0,24,1,1,0
93,1,14,3,0,0,0,24,1,1,0
108,1,12,18,0,0,0,24,1,1,0
17,1,19,12,0,0,0,24,1,1,0
60,1,9,11,0,0,0,24,1,1,0
98,1,9,12,0,0,0,24,1,1,0
113,1,17,1,0,0,0,24,1,1,0
81,1,16,20,0,0,0,24,1,1,0
10,1,15,19,0,0,0,24,1,1,0
34,1,19,10,0,0,0,24,1,1,0
118,1,10,13,0,0,0,24,1,1,0
44,1,14,18,0,0,0,24,1,1,0
66,1,10,5,0,0,0,24,1,1,0
139,1,14,3,0,0,0,24,1,1,0
141,1,10,9,0,0,0,24,1,1,0
18,1,14,7,0,0,0,24,1,1,0
27,1,11,19,0,0,0,24,1,1,0
37,1,9,12,0,0,0,24,1,1,0
65,1,20,15,0,0,0,24,1,1,0
50,1,19,9,0,0,0,24,1,1,0
25,1,14,16,0,0,0,24,1,1,0
147,1,16,12,0,0,0,24,1,1,0
117,1,14,7,0,0,0,24,1,1,0
57,1,11,5,0,0,0,24,1,1,0
112,1,20,2,0,0,0,24,1,1,0
121,1,17,13,0,0,0,24,1,1,0
51,1,17,19,0,0,0,24,1,1,0
51,1,9,11,0,0,0,24,1,1,0
129,1,9,5,0,0,0,24,1,1,0
149,1,18,17,0,0,0,24,1,1,0
92,1,17,4,0,0,0,24,1,1,0
68,1,9,4,0,0,0,24,1,1,0
103,1,19,4,0,0,0,24,1,1,0
145,1,14,18,0,0,0,24,1,1,0
20,1,13,4,0,0,0,24,1,1,0
95,1,8,9,0,0,0,24,1,1,0
131,1,8,11,0,0,0,24,1,1,0
61,1,12,14,0,0,0,24,1,1,0
42,1,18,9,0,0,0,24,1,1,0
144,1,16,8,0,0,0,24,1,1,0
7,1,14,15,0,0,0,24,1,1,0
95,1,13,1,0,0,0,24,1,1,0
58,1,13,10,0,0,0,24,1,1,0
75,1,12,12,0,0,0,24,1,1,0
5,1,11,12,0,0,0,24,1,1,0
133,1,17,20,0,0,0,24,1,1,0
100,1,9,6,0,0,0,24,1,1,0
36,1,10,11,0,0,0,24,1,1,0
68,1,13,11,0,0,0,24,1,1,0
92,1,14,1,0,0,0,24,1,1,0
124,1,13,12,0,0,0,24,1,1,0
93,1,9,11,0,0,0,24,1,1,0
98,1,12,19,0,0,0,24,1,1,0
125,1,15,12,0,0,0,24,1,1,0
30,1,18,15,0,0,0,24,1,1,0
84,1,11,20,0,0,0,24,1,1,0
21,1,18,11,0,0,0,24,1,1,0
72,1,17,16,0,0,0,24,1,1,0
107,1,18,9,0,0,0,24,1,1,0
76,1,15,9,0,0,0,24,1,1,0
29,1,18,20,0,0,0,24,1,1,0
40,1,19,6,0,0,0,24,1,1,0
33,1,8,3,0,0,0,24,1,1,0
24,1,19,18,0,0,0,24,1,1,0
27,1,13,19,0,0,0,24,1,1,0
78,1,16,8,0,0,0,24,1,1,0
136,1,14,8,0,0,0,24,1,1,0
140,1,20,10,0,0,0,24,1,1,0
51,1,19,2,0,0,0,24,1,1,0
53,1,18,11,0,0,0,24,1,1,0
63,1,16,15,0,0,0,24,1,1,0
24,1,12,20,0,0,0,24,1,1,0
32,1,10,11,0,0,0,24,1,1,0
39,1,10,19,0,0,0,24,1,1,0
123,1,18,5,0,0,0,24,1,1,0
5,1,19,14,0,0,0,24,1,1,0
56,1,16,12,0,0,0,24,1,1,0
87,1,12,4,0,0,0,24,1,1,0
137,1,19,7,0,0,0,24,1,1,0
138,1,16,4,0,0,0,24,1,1,0
61,1,14,4,0,0,0,24,1,1,0
121,1,9,8,0,0,0,24,1,1,0
73,1,14,9,0,0,0,24,1,1,0
113,1,18,15,0,0,0,24,1,1,0
139,1,13,5,0,0,0,24,1,1,0
53,1,13,17,0,0,0,24,1,1,0
58,1,17,6,0,0,0,24,1,1,0
5,1,18,13,0,0,0,24,1,1,0
122,1,17,7,0,0,0,24,1,1,0
134,1,20,4,0,0,0,24,1,1,0
57,1,16,7,0,0,0,24,1,1,0
13,1,15,6,0,0,0,24,1,1,0
70,1,17,18,0,0,0,24,1,1,0
147,1,20,17,0,0,0,24,1,1,0
94,1,11,16,0,0,0,24,1,1,0
75,1,14,6,0,0,0,24,1,1,0
36,1,10,9,0,0,0,24,1,1,0
72,1,8,17,0,0,0,24,1,1,0
108,1,11,15,0,0,0,24,1,1,0
57,1,17,7,0,0,0,24,1,1,0
98,1,19,7,0,0,0,24,1,1,0
57,1,8,10,0,0,0,24,1,1,0
93,1,19,14,0,0,0,24,1,1,0
27,1,17,4,0,0,0,24,1,1,0
137,1,18,2,0,0,0,24,1,1,0
55,1,14,4,0,0,0,24,1,1,0
113,1,12,9,0,0,0,24,1,1,0
113,1,8,7,0,0,0,24,1,1,0
86,1,19,10,0,0,0,24,1,1,0
56,1,15,14,0,0,0,24,1,1,0
38,1,10,16,0,0,0,24,1,1,0
105,1,12,3,0,0,0,24,1,1,0
35,1,19,15,0,0,0,24,1,1,0
79,1,9,11,0,0,0,24,1,1,0
31,1,18,6,0,0,0,24,1,1,0
96,1,14,6,0,0,0,24,1,1,0
59,1,19,15,0,0,0,24,1,1,0
117,1,14,12,0,0,0,24,1,1,0
128,1,17,15,0,0,0,24,1,1,0
79,1,17,7,0,0,0,24,1,1,0
106,1,20,6,0,0,0,24,1,1,0
16,1,11,6,0,0,0,24,1,1,0
113,1,15,2,0,0,0,24,1,1,0
30,1,17,6,0,0,0,24,1,1,0
97,1,9,18,0,0,0,24,1,1,0
104,1,16,13,0,0,0,24,1,1,0
9,1,16,3,0,0,0,24,1,1,0
62,1,20,6,0,0,0,24,1,1,0
33,1,18,13,0,0,0,24,1,1,0
83,1,9,3,0,0,0,24,1,1,0
35,1,13,15,0,0,0,24,1,1,0
43,1,13,8,0,0,0,24,1,1,0
23,1,9,3,0,0,0,24,1,1,0
90,1,10,9,0,0,0,24,1,1,0
96,1,18,5,0,0,0,24,1,1,0
44,1,18,6,0,0,0,24,1,1,0
127,1,20,9,0,0,0,24,1,1,0
125,1,8,4,0,0,0,24,1,1,0
29,1,12,6,0,0,0,24,1,1,0
54,1,16,8,0,0,0,24,1,1,0
68,1,17,10,0,0,0,24,1,1,0
22,1,20,6,0,0,0,24,1,1,0
57,1,18,8,0,0,0,24,1,1,0
28,1,9,13,0,0,0,24,1,1,0
88,1,18,18,0,0,0,24,1,1,0
57,1,8,7,0,0,0,24,1,1,0
84,1,14,19,0,0,0,24,1,1,0
84,1,18,9,0,0,0,24,1,1,0
8,1,8,4,0,0,0,24,1,1,0
37,1,19,8,0,0,0,24,1,1,0
97,1,15,19,0,0,0,24,1,1,0
145,1,10,11,0,0,0,24,1,1,0
70,1,15,11,0,0,0,24,1,1,0
21,1,10,4,0,0,0,24,1,1,0
41,1,9,11,0,0,0,24,1,1,0
53,1,10,14,0,0,0,24,1,1,0
87,1,16,13,0,0,0,24,1,1,0
80,1,10,2,0,0,0,24,1,1,0
25,1,19,4,0,0,0,24,1,1,0
20,1,8,3,0,0,0,24,1,1,0
109,1,14,2,0,0,0,24,1,1,0
141,1,11,19,0,0,0,24,1,1,0
23,1,11,3,0,0,0,24,1,1,0
23,1,18,11,0,0,0,24,1,1,0
131,1,18,5,0,0,0,24,1,1,0
17,1,10,14,0,0,0,24,1,1,0
131,1,8,14,0,0,0,24,1,1,0
104,1,8,8,0,0,0,24,1,1,0
131,1,14,3,0,0,0,24,1,1,0
120,1,20,6,0,0,0,24,1,1,0
37,1,15,1,0,0,0,24,1,1,0
52,1,14,14,0,0,0,24,1,1,0
141,1,10,4,0,0,0,24,1,1,0
44,1,20,12,0,0,0,24,1,1,0
119,1,9,9,0,0,0,24,1,1,0
51,1,19,12,0,0,0,24,1,1,0
138,1,13,3,0,0,0,24,1,1,0
68,1,20,3,0,0,0,24,1,1,0
81,1,20,19,0,0,0,24,1,1,0
128,1,19,8,0,0,0,24,1,1,0
126,1,16,12,0,0,0,24,1,1,0
114,1,19,5,0,0,0,24,1,1,0
34,1,16,2,0,0,0,24,1,1,0
148,1,15,1,0,0,0,24,1,1,0
102,1,13,3,0,0,0,24,1,1,0
71,1,13,5,0,0,0,24,1,1,0
94,1,14,17,0,0,0,24,1,1,0
104,1,16,18,0,0,0,24,1,1,0
136,1,13,15,0,0,0,24,1,1,0
107,1,17,15,0,0,0,24,1,1,0
44,1,8,4,0,0,0,24,1,1,0
17,1,18,2,0,0,0,24,1,1,0
26,1,12,16,0,0,0,24,1,1,0
111,1,10,8,0,0,0,24,1,1,0
87,1,17,4,0,0,0,24,1,1,0
133,1,11,2,0,0,0,24,1,1,0
119,1,17,5,0,0,0,24,1,1,0
62,1,13,19,0,0,0,24,1,1,0
110,1,11,8,0,0,0,24,1,1,0
22,1,14,10,0,0,0,24,1,1,0
109,1,19,5,0,0,0,24,1,1,0
132,1,16,15,0,0,0,24,1,1,0
40,1,8,8,0,0,0,24,1,1,0
94,1,19,18,0,0,0,24,1,1,0
139,1,15,18,0,0,0,24,1,1,0
102,1,14,18,0,0,0,24,1,1,0
117,1,10,12,0,0,0,24,1,1,0
135,1,18,12,0,0,0,24,1,1,0
61,1,10,3,0,0,0,24,1,1,0
14,1,17,1,0,0,0,24,1,1,0
81,1,14,14,0,0,0,24,1,1,0
93,1,10,4,0,0,0,24,1,1,0
96,1,17,8,0,0,0,24,1,1,0
27,1,8,13,0,0,0,24,1,1,0
144,1,20,6,0,0,0,24,1,1,0
12,1,20,11,0,0,0,24,1,1,0
88,1,16,8,0,0,0,24,1,1,0
116,1,8,1,0,0,0,24,1,1,0
71,1,14,16,0,0,0,24,1,1,0
39,1,13,13,0,0,0,24,1,1,0
98,1,14,6,0,0,0,24,1,1,0
76,1,12,19,0,0,0,24,1,1,0
15,1,13,7,0,0,0,24,1,1,0
119,1,16,8,0,0,0,24,1,1,0
51,1,14,5,0,0,0,24,1,1,0
24,1,18,12,0,0,0,24,1,1,0
43,1,14,12,0,0,0,24,1,1,0
112,1,17,1,0,0,0,24,1,1,0
149,1,18,4,0,0,0,24,1,1,0
78,1,17,6,0,0,0,24,1,1,0
132,1,12,1,0,0,0,24,1,1,0
125,1,15,1,0,0,0,24,1,1,0
106,1,18,19,0,0,0,24,1,1,0
143,1,16,3,0,0,0,24,1,1,0
72,1,8,16,0,0,0,24,1,1,0
103,1,10,14,0,0,0,24,1,1,0
136,1,13,1,0,0,0,24,1,1,0
79,1,15,8,0,0,0,24,1,1,0
68,1,19,14,0,0,0,24,1,1,0
7,1,9,14,0,0,0,24,1,1,0
85,1,19,20,0,0,0,24,1,1,0
35,1,11,18,0,0,0,24,1,1,0
145,1,12,13,0,0,0,24,1,1,0
77,1,14,19,0,0,0,24,1,1,0
8,1,20,14,0,0,0,24,1,1,0
50,1,16,20,0,0,0,24,1,1,0
101,1,11,16,0,0,0,24,1,1,0
137,1,19,16,0,0,0,24,1,1,0
39,1,9,11,0,0,0,24,1,1,0
78,1,9,18,0,0,0,24,1,1,0
58,1,13,2,0,0,0,24,1,1,0
65,1,10,11,0,0,0,24,1,1,0
150,1,14,8,0,0,0,24,1,1,0
99,1,10,13,0,0,0,24,1,1,0
126,1,8,2,0,0,0,24,1,1,0
130,1,20,3,0,0,0,24,1,1,0
72,1,13,11,0,0,0,24,1,1,0
23,1,10,18,0,0,0,24,1,1,0
11,1,16,8,0,0,0,24,1,1,0
86,1,11,9,0,0,0,24,1,1,0
59,1,19,3,0,0,0,24,1,1,0
117,1,14,6,0,0,0,24,1,1,0
34,1,19,8,0,0,0,24,1,1,0
22,1,12,2,0,0,0,24,1,1,0
120,1,15,2,0,0,0,24,1,1,0
80,1,13,15,0,0,0,24,1,1,0
6,1,8,14,0,0,0,24,1,1,0
5,1,17,9,0,0,0,24,1,1,0
90,1,14,9,0,0,0,24,1,1,0
63,1,16,8,0,0,0,24,1,1,0
102,1,12,10,0,0,0,24,1,1,0
139,1,8,9,0,0,0,24,1,1,0
136,1,9,9,0,0,0,24,1,1,0
9,1,14,10,0,0,0,24,1,1,0
75,1,13,18,0,0,0,24,1,1,0
134,1,14,17,0,0,0,24,1,1,0
131,1,10,6,0,0,0,24,1,1,0
72,1,10,15,0,0,0,24,1,1,0
123,1,14,11,0,0,0,24,1,1,0
149,1,9,15,0,0,0,24,1,1,0
55,1,10,11,0,0,0,24,1,1,0
23,1,19,2,0,0,0,24,1,1,0
104,1,11,7,0,0,0,24,1,1,0
86,1,11,3,0,0,0,24,1,1,0
47,1,12,3,0,0,0,24,1,1,0
23,1,10,1,0,0,0,24,1,1,0
86,1,17,13,0,0,0,24,1,1,0
135,1,13,10,0,0,0,24,1,1,0
25,1,11,14,0,0,0,24,1,1,0
48,1,17,9,0,0,0,24,1,1,0
36,1,19,6,0,0,0,24,1,1,0
117,1,18,17,0,0,0,24,1,1,0
134,1,19,3,0,0,0,24,1,1,0
57,1,16,17,0,0,0,24,1,1,0
47,1,10,7,0,0,0,24,1,1,0
92,1,18,5,0,0,0,24,1,1,0
125,1,10,11,0,0,0,24,1,1,0
63,1,10,19,0,0,0,24,1,1,0
132,1,10,19,0,0,0,24,1,1,0
37,1,9,3,0,0,0,24,1,1,0
26,1,9,3,0,0,0,24,1,1,0
102,1,18,5,0,0,0,24,1,1,0
94,1,20,20,0,0,0,24,1,1,0
68,1,15,14,0,0,0,24,1,1,0
56,1,10,16,0,0,0,24,1,1,0
5,1,14,3,0,0,0,24,1,1,0
69,1,15,16,0,0,0,24,1,1,0
50,1,11,1,0,0,0,24,1,1,0
77,1,9,13,0,0,0,24,1,1,0
119,1,13,10,0,0,0,24,1,1,0
32,1,12,9,0,0,0,24,1,1,0
134,1,19,17,0,0,0,24,1,1,0
61,1,11,1,0,0,0,24,1,1,0
74,1,9,19,0,0,0,24,1,1,0
26,1,18,7,0,0,0,24,1,1,0
23,1,13,12,0,0,0,24,1,1,0
104,1,13,8,0,0,0,24,1,1,0
71,1,19,9,0,0,0,24,1,1,0
88,1,18,7,0,0,0,24,1,1,0
46,1,20,10,0,0,0,24,1,1,0
124,1,9,20,0,0,0,24,1,1,0
122,1,9,19,0,0,0,24,1,1,0
66,1,11,2,0,0,0,24,1,1,0
145,1,20,17,0,0,0,24,1,1,0
124,1,13,12,0,0,0,24,1,1,0
66,1,20,4,0,0,0,24,1,1,0
42,1,11,3,0,0,0,24,1,1,0
15,1,12,16,0,0,0,24,1,1,0
93,1,17,3,0,0,0,24,1,1,0
59,1,20,4,0,0,0,24,1,1,0
142,1,12,11,0,0,0,24,1,1,0
64,1,8,6,0,0,0,24,1,1,0
96,1,14,15,0,0,0,24,1,1,0
6,1,15,9,0,0,0,24,1,1,0
40,1,8,13,0,0,0,24,1,1,0
135,1,19,1,0,0,0,24,1,1,0
30,1,8,17,0,0,0,24,1,1,0
70,1,8,17,0,0,0,24,1,1,0
88,1,17,7,0,0,0,24,1,1,0
54,1,12,15,0,0,0,24,1,1,0
126,1,9,18,0,0,0,24,1,1,0
124,1,11,17,0,0,0,24,1,1,0
76,1,18,20,0,0,0,24,1,1,0
115,1,9,5,0,0,0,24,1,1,0
129,1,17,9,0,0,0,24,1,1,0
126,1,16,3,0,0,0,24,1,1,0
7,1,19,17,0,0,0,24,1,1,0
70,1,18,13,0,0,0,24,1,1,0
15,1,20,14,0,0,0,24,1,1,0
120,1,18,10,0,0,0,24,1,1,0
127,1,9,15,0,0,0,24,1,1,0
135,1,14,5,0,0,0,24,1,1,0
127,1,9,8,0,0,0,24,1,1,0
133,1,12,5,0,0,0,24,1,1,0
74,1,12,13,0,0,0,24,1,1,0
6,1,12,18,0,0,0,24,1,1,0
48,1,14,19,0,0,0,24,1,1,0
36,1,13,7,0,0,0,24,1,1,0
93,1,8,19,0,0,0,24,1,1,0
29,1,8,15,0,0,0,24,1,1,0
36,1,18,14,0,0,0,24,1,1,0
62,1,20,17,0,0,0,24,1,1,0
46,1,17,20,0,0,0,24,1,1,0
17,1,19,18,0,0,0,24,1,1,0
101,1,19,14,0,0,0,24,1,1,0
129,1,8,12,0,0,0,24,1,1,0
7,1,10,17,0,0,0,24,1,1,0
47,1,8,10,0,0,0,24,1,1,0
81,1,11,5,0,0,0,24,1,1,0
116,1,8,16,0,0,0,24,1,1,0
43,1,10,19,0,0,0,24,1,1,0
142,1,19,5,0,0,0,24,1,1,0
15,1,17,3,0,0,0,24,1,1,0
33,1,15,5,0,0,0,24,1,1,0
50,1,11,19,0,0,0,24,1,1,0
26,1,18,9,0,0,0,24,1,1,0
11,1,8,16,0,0,0,24,1,1,0
127,1,12,6,0,0,0,24,1,1,0
128,1,14,18,0,0,0,24,1,1,0
56,1,12,6,0,0,0,24,1,1,0
146,1,20,20,0,0,0,24,1,1,0
26,1,13,5,0,0,0,24,1,1,0
25,1,8,1,0,0,0,24,1,1,0
113,1,9,10,0,0,0,24,1,1,0
70,1,13,19,0,0,0,24,1,1,0
149,1,12,5,0,0,0,24,1,1,0
82,1,9,6,0,0,0,24,1,1,0
19,1,12,14,0,0,0,24,1,1,0
130,1,17,8,0,0,0,24,1,1,0
68,1,13,15,0,0,0,24,1,1,0
12,1,12,19,0,0,0,24,1,1,0
46,1,19,2,0,0,0,24,1,1,0
26,1,13,11,0,0,0,24,1,1,0
71,1,17,15,0,0,0,24,1,1,0
17,1,17,8,0,0,0,24,1,1,0
28,1,10,12,0,0,0,24,1,1,0
40,1,9,16,0,0,0,24,1,1,0
70,1,19,14,0,0,0,24,1,1,0
126,1,17,18,0,0,0,24,1,1,0
69,1,20,2,0,0,0,24,1,1,0
88,1,13,2,0,0,0,24,1,1,0
17,1,10,2,0,0,0,24,1,1,0
48,1,14,8,0,0,0,24,1,1,0
24,1,9,3,0,0,0,24,1,1,0
131,1,15,7,0,0,0,24,1,1,0
107,1,8,13,0,0,0,24,1,1,0
124,1,13,9,0,0,0,24,1,1,0
83,1,11,14,0,0,0,24,1,1,0
73,1,18,14,0,0,0,24,1,1,0
67,1,13,8,0,0,0,24,1,1,0
121,1,16,1,0,0,0,24,1,1,0
24,1,18,9,0,0,0,24,1,1,0
9,1,9,19,0,0,0,24,1,1,0
105,1,18,11,0,0,0,24,1,1,0
52,1,18,11,0,0,0,24,1,1,0
63,1,20,17,0,0,0,24,1,1,0
52,1,20,11,0,0,0,24,1,1,0
128,1,19,5,0,0,0,24,1,1,0
59,1,19,4,0,0,0,24,1,1,0
132,1,17,12,0,0,0,24,1,1,0
23,1,16,3,0,0,0,24,1,1,0
138,1,17,1,0,0,0,24,1,1,0
60,1,20,19,0,0,0,24,1,1,0
130,1,17,18,0,0,0,24,1,1,0
83,1,19,10,0,0,0,24,1,1,0
19,1,18,5,0,0,0,24,1,1,0
24,1,16,19,0,0,0,24,1,1,0
81,1,17,2,0,0,0,24,1,1,0
61,1,11,1,0,0,0,24,1,1,0
99,1,12,7,0,0,0,24,1,1,0
72,1,15,12,0,0,0,24,1,1,0
130,1,14,17,0,0,0,24,1,1,0
25,1,14,14,0,0,0,24,1,1,0
98,1,11,7,0,0,0,24,1,1,0
16,1,17,20,0,0,0,24,1,1,0
119,1,19,7,0,0,0,24,1,1,0
90,1,11,3,0,0,0,24,1,1,0
99,1,11,13,0,0,0,24,1,1,0
26,1,19,14,0,0,0,24,1,1,0
94,1,20,10,0,0,0,24,1,1,0
121,1,12,4,0,0,0,24,1,1,0
102,1,16,20,0,0,0,24,1,1,0
23,1,14,1,0,0,0,24,1,1,0
95,1,17,2,0,0,0,24,1,1,0
17,1,20,2,0,0,0,24,1,1,0
21,1,13,2,0,0,0,24,1,1,0
66,1,12,1,0,0,0,24,1,1,0
84,1,18,10,0,0,0,24,1,1,0
57,1,11,8,0,0,0,24,1,1,0
87,1,20,20,0,0,0,24,1,1,0
13,1,19,8,0,0,0,24,1,1,0
14,1,15,16,0,0,0,24,1,1,0
27,1,20,20,0,0,0,24,1,1,0
124,1,14,3,0,0,0,24,1,1,0
74,1,14,14,0,0,0,24,1,1,0
32,1,15,3,0,0,0,24,1,1,0
77,1,12,8,0,0,0,24,1,1,0
141,1,8,3,0,0,0,24,1,1,0
86,1,19,20,0,0,0,24,1,1,0
33,1,8,19,0,0,0,24,1,1,0
12,1,17,15,0,0,0,24,1,1,0
20,1,17,7,0,0,0,24,1,1,0
105,1,19,5,0,0,0,24,1,1,0
125,1,16,15,0,0,0,24,1,1,0
42,1,14,14,0,0,0,24,1,1,0
17,1,18,17,0,0,0,24,1,1,0
68,1,20,11,0,0,0,24,1,1,0
5,1,16,12,0,0,0,24,1,1,0
23,1,14,14,0,0,0,24,1,1,0
111,1,15,14,0,0,0,24,1,1,0
20,1,9,16,0,0,0,24,1,1,0
57,1,12,10,0,0,0,24,1,1,0
49,1,19,20,0,0,0,24,1,1,0
29,1,17,15,0,0,0,24,1,1,0
126,1,19,1,0,0,0,24,1,1,0
70,1,14,18,0,0,0,24,1,1,0
83,1,10,7,0,0,0,24,1,1,0
48,1,18,16,0,0,0,24,1,1,0
13,1,13,10,0,0,0,24,1,1,0
130,1,12,6,0,0,0,24,1,1,0
57,1,17,17,0,0,0,24,1,1,0
57,1,17,6,0,0,0,24,1,1,0
111,1,18,10,0,0,0,24,1,1,0
111,1,20,11,0,0,0,24,1,1,0
38,1,18,6,0,0,0,24,1,1,0
147,1,20,18,0,0,0,24,1,1,0
29,1,8,8,0,0,0,24,1,1,0
75,1,13,1,0,0,0,24,1,1,0
138,1,17,1,0,0,0,24,1,1,0
78,1,15,19,0,0,0,24,1,1,0
9,1,17,6,0,0,0,24,1,1,0
118,1,19,4,0,0,0,24,1,1,0
85,1,9,12,0,0,0,24,1,1,0
135,1,20,7,0,0,0,24,1,1,0
131,1,9,7,0,0,0,24,1,1,0
60,1,14,1,0,0,0,24,1,1,0
34,1,8,11,0,0,0,24,1,1,0
86,1,18,16,0,0,0,24,1,1,0
43,1,9,17,0,0,0,24,1,1,0
68,1,8,15,0,0,0,24,1,1,0
107,1,9,9,0,0,0,24,1,1,0
124,1,11,18,0,0,0,24,1,1,0
10,1,18,4,0,0,0,24,1,1,0
46,1,8,6,0,0,0,24,1,1,0
12,1,9,16,0,0,0,24,1,1,0
52,1,8,10,0,0,0,24,1,1,0
87,1,20,13,0,0,0,24,1,1,0
116,1,10,17,0,0,0,24,1,1,0
44,1,18,18,0,0,0,24,1,1,0
16,1,12,17,0,0,0,24,1,1,0
91,1,20,10,0,0,0,24,1,1,0
84,1,16,20,0,0,0,24,1,1,0
36,1,20,9,0,0,0,24,1,1,0
145,1,13,8,0,0,0,24,1,1,0
138,1,17,19,0,0,0,24,1,1,0
89,1,9,8,0,0,0,24,1,1,0
60,1,11,20,0,0,0,24,1,1,0
94,1,17,4,0,0,0,24,1,1,0
40,1,20,4,0,0,0,24,1,1,0
23,1,20,14,0,0,0,24,1,1,0
63,1,12,4,0,0,0,24,1,1,0
104,1,17,8,0,0,0,24,1,1,0
150,1,8,20,0,0,0,24,1,1,0
79,1,15,11,0,0,0,24,1,1,0
39,1,17,1,0,0,0,24,1,1,0
123,1,8,15,0,0,0,24,1,1,0
88,1,9,3,0,0,0,24,1,1,0
31,1,17,10,0,0,0,24,1,1,0
30,1,10,14,0,0,0,24,1,1,0
45,1,14,13,0,0,0,24,1,1,0
93,1,20,11,0,0,0,24,1,1,0
24,1,19,15,0,0,0,24,1,1,0
42,1,14,8,0,0,0,24,1,1,0
81,1,9,16,0,0,0,24,1,1,0
27,1,20,5,0,0,0,24,1,1,0
68,1,20,11,0,0,0,24,1,1,0
118,1,18,1,0,0,0,24,1,1,0
106,1,10,2,0,0,0,24,1,1,0
85,1,20,2,0,0,0,24,1,1,0
129,1,19,16,0,0,0,24,1,1,0
51,1,17,7,0,0,0,24,1,1,0
13,1,11,3,0,0,0,24,1,1,0
142,1,8,3,0,0,0,24,1,1,0
114,1,14,5,0,0,0,24,1,1,0
67,1,13,17,0,0,0,24,1,1,0
21,1,20,7,0,0,0,24,1,1,0
114,1,18,2,0,0,0,24,1,1,0
6,1,13,1,0,0,0,24,1,1,0
149,1,8,9,0,0,0,24,1,1,0
75,1,17,2,0,0,0,24,1,1,0
116,1,10,15,0,0,0,24,1,1,0
32,1,17,1,0,0,0,24,1,1,0
44,1,13,8,0,0,0,24,1,1,0
82,1,13,20,0,0,0,24,1,1,0
21,1,14,17,0,0,0,24,1,1,0
140,1,9,3,0,0,0,24,1,1,0
104,1,14,4,0,0,0,24,1,1,0
8,1,9,11,0,0,0,24,1,1,0
124,1,14,6,0,0,0,24,1,1,0
7,1,11,2,0,0,0,24,1,1,0
127,1,10,5,0,0,0,24,1,1,0
133,1,12,6,0,0,0,24,1,1,0
88,1,19,20,0,0,0,24,1,1,0
101,1,20,6,0,0,0,24,1,1,0
117,1,9,2,0,0,0,24,1,1,0
91,1,19,11,0,0,0,24,1,1,0
95,1,9,9,0,0,0,24,1,1,0
55,1,14,18,0,0,0,24,1,1,0
115,1,11,3,0,0,0,24,1,1,0
119,1,15,6,0,0,0,24,1,1,0
10,1,17,15,0,0,0,24,1,1,0
58,1,12,3,0,0,0,24,1,1,0
66,1,14,3,0,0,0,24,1,1,0
107,1,18,18,0,0,0,24,1,1,0
85,1,10,3,0,0,0,24,1,1,0
134,1,9,1,0,0,0,24,1,1,0
148,1,13,5,0,0,0,24,1,1,0
39,1,8,8,0,0,0,24,1,1,0
48,1,17,17,0,0,0,24,1,1,0
127,1,16,3,0,0,0,24,1,1,0
69,1,13,10,0,0,0,24,1,1,0
38,1,8,5,0,0,0,24,1,1,0
91,1,9,8,0,0,0,24,1,1,0
122,1,18,14,0,0,0,24,1,1,0
43,1,20,14,0,0,0,24,1,1,0
133,1,10,4,0,0,0,24,1,1,0
114,1,10,6,0,0,0,24,1,1,0
137,1,14,5,0,0,0,24,1,1,0
38,1,8,9,0,0,0,24,1,1,0
138,1,14,20,0,0,0,24,1,1,0
60,1,11,20,0,0,0,24,1,1,0
22,1,11,13,0,0,0,24,1,1,0
27,1,14,19,0,0,0,24,1,1,0
133,1,17,15,0,0,0,24,1,1,0
149,1,15,18,0,0,0,24,1,1,0
10,1,12,2,0,0,0,24,1,1,0
107,1,20,13,0,0,0,24,1,1,0
61,1,12,16,0,0,0,24,1,1,0
115,1,17,13,0,0,0,24,1,1,0
49,1,18,8,0,0,0,24,1,1,0
145,1,8,14,0,0,0,24,1,1,0
43,1,13,14,0,0,0,24,1,1,0
104,1,13,18,0,0,0,24,1,1,0
27,1,15,12,0,0,0,24,1,1,0
104,1,14,18,0,0,0,24,1,1,0
111,1,18,4,0,0,0,24,1,1,0
108,1,14,14,0,0,0,24,1,1,0
55,1,11,5,0,0,0,24,1,1,0
95,1,9,13,0,0,0,24,1,1,0
23,1,14,20,0,0,0,24,1,1,0
33,1,14,20,0,0,0,24,1,1,0
130,1,16,19,0,0,0,24,1,1,0
12,1,10,5,0,0,0,24,1,1,0
15,1,17,14,0,0,0,24,1,1,0
40,1,12,6,0,0,0,24,1,1,0
75,1,13,7,0,0,0,24,1,1,0
102,1,14,6,0,0,0,24,1,1,0
118,1,10,1,0,0,0,24,1,1,0
61,1,19,20,0,0,0,24,1,1,0
131,1,13,7,0,0,0,24,1,1,0
37,1,8,18,0,0,0,24,1,1,0
111,1,12,2,0,0,0,24,1,1,0
141,1,19,6,0,0,0,24,1,1,0
118,1,9,2,0,0,0,24,1,1,0
47,1,13,7,0,0,0,24,1,1,0
46,1,9,5,0,0,0,24,1,1,0
137,1,13,18,0,0,0,24,1,1,0
144,1,12,20,0,0,0,24,1,1,0
84,1,13,2,0,0,0,24,1,1,0
80,1,9,17,0,0,0,24,1,1,0
100,1,8,18,0,0,0,24,1,1,0
73,1,14,9,0,0,0,24,1,1,0
80,1,9,10,0,0,0,24,1,1,0
125,1,19,13,0,0,0,24,1,1,0
110,1,8,10,0,0,0,24,1,1,0
62,1,9,14,0,0,0,24,1,1,0
127,1,10,18,0,0,0,24,1,1,0
97,1,11,17,0,0,0,24,1,1,0
90,1,17,20,0,0,0,24,1,1,0
9,1,11,18,0,0,0,24,1,1,0
49,1,11,2,0,0,0,24,1,1,0
120,1,14,19,0,0,0,24,1,1,0
123,1,16,10,0,0,0,24,1,1,0
44,1,12,12,0,0,0,24,1,1,0
122,1,20,7,0,0,0,24,1,1,0
58,1,8,16,0,0,0,24,1,1,0
121,1,11,11,0,0,0,24,1,1,0
109,1,17,1,0,0,0,24,1,1,0
105,1,13,16,0,0,0,24,1,1,0
71,1,13,18,0,0,0,24,1,1,0
22,1,17,8,0,0,0,24,1,1,0
77,1,12,5,0,0,0,24,1,1,0
80,1,8,13,0,0,0,24,1,1,0
29,1,18,13,0,0,0,24,1,1,0
67,1,17,17,0,0,0,24,1,1,0
25,1,13,19,0,0,0,24,1,1,0
40,1,9,5,0,0,0,24,1,1,0
103,1,14,19,0,0,0,24,1,1,0
38,1,15,12,0,0,0,24,1,1,0
26,1,12,13,0,0,0,24,1,1,0
93,1,17,3,0,0,0,24,1,1,0
117,1,15,11,0,0,0,24,1,1,0
49,1,13,9,0,0,0,24,1,1,0
110,1,8,1,0,0,0,24,1,1,0
78,1,14,4,0,0,0,24,1,1,0
127,1,11,7,0,0,0,24,1,1,0
105,1,8,6,0,0,0,24,1,1,0
110,1,14,15,0,0,0,24,1,1,0
70,1,15,13,0,0,0,24,1,1,0
33,1,20,8,0,0,0,24,1,1,0
138,1,9,7,0,0,0,24,1,1,0
54,1,14,8,0,0,0,24,1,1,0
12,1,15,9,0,0,0,24,1,1,0
137,1,10,19,0,0,0,24,1,1,0
59,1,9,15,0,0,0,24,1,1,0
98,1,13,20,0,0,0,24,1,1,0
25,1,13,8,0,0,0,24,1,1,0
130,1,20,14,0,0,0,24,1,1,0
37,1,14,5,0,0,0,24,1,1,0
129,1,11,17,0,0,0,24,1,1,0
11,1,10,18,0,0,0,24,1,1,0
41,1,11,11,0,0,0,24,1,1,0
108,1,16,10,0,0,0,24,1,1,0
54,1,11,15,0,0,0,24,1,1,0
114,1,17,9,0,0,0,24,1,1,0
49,1,12,11,0,0,0,24,1,1,0
58,1,19,12,0,0,0,24,1,1,0
97,1,14,14,0,0,0,24,1,1,0
45,1,17,14,0,0,0,24,1,1,0
64,1,18,20,0,0,0,24,1,1,0
51,1,14,9,0,0,0,24,1,1,0
90,1,8,7,0,0,0,24,1,1,0
86,1,9,13,0,0,0,24,1,1,0
121,1,18,1,0,0,0,24,1,1,0
125,1,17,5,0,0,0,24,1,1,0
93,1,16,6,0,0,0,24,1,1,0
26,1,8,14,0,0,0,24,1,1,0
48,1,12,10,0,0,0,24,1,1,0
90,1,13,7,0,0,0,24,1,1,0
143,1,17,13,0,0,0,24,1,1,0
11,1,12,11,0,0,0,24,1,1,0
72,1,9,15,0,0,0,24,1,1,0
119,1,11,3,0,0,0,24,1,1,0
104,1,15,18,0,0,0,24,1,1,0
18,1,20,4,0,0,0,24,1,1,0
109,1,13,5,0,0,0,24,1,1,0
20,1,13,18,0,0,0,24,1,1,0
146,1,17,7,0,0,0,24,1,1,0
141,1,16,15,0,0,0,24,1,1,0
42,1,17,16,0,0,0,24,1,1,0
74,1,20,5,0,0,0,24,1,1,0
140,1,10,20,0,0,0,24,1,1,0
7,1,15,6,0,0,0,24,1,1,0
103,1,9,11,0,0,0,24,1,1,0
146,1,16,7,0,0,0,24,1,1,0
60,1,9,6,0,0,0,24,1,1,0
146,1,12,9,0,0,0,24,1,1,0
75,1,20,13,0,0,0,24,1,1,0
94,1,12,17,0,0,0,24,1,1,0
147,1,15,3,0,0,0,24,1,1,0
136,1,12,18,0,0,0,24,1,1,0
5,1,15,3,0,0,0,24,1,1,0
98,1,13,10,0,0,0,24,1,1,0
147,1,12,19,0,0,0,24,1,1,0
134,1,17,10,0,0,0,24,1,1,0
50,1,18,3,0,0,0,24,1,1,0
52,1,12,3,0,0,0,24,1,1,0
41,1,14,14,0,0,0,24,1,1,0
140,1,16,3,0,0,0,24,1,1,0
123,1,16,19,0,0,0,24,1,1,0
53,1,17,5,0,0,0,24,1,1,0
102,1,10,14,0,0,0,24,1,1,0
78,1,17,13,0,0,0,24,1,1,0
61,1,10,19,0,0,0,24,1,1,0
48,1,10,2,0,0,0,24,1,1,0
49,1,17,14,0,0,0,24,1,1,0
110,1,16,7,0,0,0,24,1,1,0
121,1,10,15,0,0,0,24,1,1,0
71,1,15,6,0,0,0,24,1,1,0
91,1,12,10,0,0,0,24,1,1,0
37,1,18,3,0,0,0,24,1,1,0
98,1,13,18,0,0,0,24,1,1,0
81,1,20,15,0,0,0,24,1,1,0
113,1,15,18,0,0,0,24,1,1,0
130,1,14,12,0,0,0,24,1,1,0
145,1,15,8,0,0,0,24,1,1,0
87,1,18,13,0,0,0,24,1,1,0
108,1,11,3,0,0,0,24,1,1,0
96,1,20,16,0,0,0,24,1,1,0
137,1,9,6,0,0,0,24,1,1,0
99,1,16,7,0,0,0,24,1,1,0
37,1,9,6,0,0,0,24,1,1,0
34,1,8,10,0,0,0,24,1,1,0
31,1,15,2,0,0,0,24,1,1,0
92,1,10,20,0,0,0,24,1,1,0
97,1,20,10,0,0,0,24,1,1,0
29,1,18,13,0,0,0,24,1,1,0
124,1,16,16,0,0,0,24,1,1,0
26,1,13,7,0,0,0,24,1,1,0
74,1,10,12,0,0,0,24,1,1,0
114,1,17,11,0,0,0,24,1,1,0
136,1,20,8,0,0,0,24,1,1,0
133,1,13,19,0,0,0,24,1,1,0
132,1,18,20,0,0,0,24,1,1,0
16,1,17,10,0,0,0,24,1,1,0
91,1,14,10,0,0,0,24,1,1,0
30,1,13,12,0,0,0,24,1,1,0
78,1,12,6,0,0,0,24,1,1,0
99,1,18,18,0,0,0,24,1,1,0
127,1,15,5,0,0,0,24,1,1,0
123,1,13,9,0,0,0,24,1,1,0
34,1,19,13,0,0,0,24,1,1,0
61,1,18,19,0,0,0,24,1,1,0
49,1,9,9,0,0,0,24,1,1,0
16,1,15,7,0,0,0,24,1,1,0
74,1,9,17,0,0,0,24,1,1,0
131,1,9,3,0,0,0,24,1,1,0
30,1,12,9,0,0,0,24,1,1,0
67,1,17,13,0,0,0,24,1,1,0
128,1,15,5,0,0,0,24,1,1,0
76,1,15,18,0,0,0,24,1,1,0
138,1,14,4,0,0,0,24,1,1,0
38,1,20,2,0,0,0,24,1,1,0
73,1,15,3,0,0,0,24,1,1,0
117,1,10,16,0,0,0,24,1,1,0
100,1,17,11,0,0,0,24,1,1,0
86,1,20,8,0,0,0,24,1,1,0
56,1,16,4,0,0,0,24,1,1,0
27,1,16,15,0,0,0,24,1,1,0
70,1,16,2,0,0,0,24,1,1,0
80,1,10,16,0,0,0,24,1,1,0
120,1,10,13,0,0,0,24,1,1,0
8,1,14,15,0,0,0,24,1,1,0
12,1,11,7,0,0,0,24,1,1,0
67,1,15,9,0,0,0,24,1,1,0
83,1,8,17,0,0,0,24,1,1,0
62,1,9,16,0,0,0,24,1,1,0
81,1,19,11,0,0,0,24,1,1,0
75,1,17,12,0,0,0,24,1,1,0
73,1,8,4,0,0,0,24,1,1,0
35,1,11,7,0,0,0,24,1,1,0
47,1,12,5,0,0,0,24,1,1,0
51,1,12,7,0,0,0,24,1,1,0
115,1,15,12,0,0,0,24,1,1,0
11,1,19,20,0,0,0,24,1,1,0
150,1,14,10,0,0,0,24,1,1,0
5,1,17,17,0,0,0,24,1,1,0
56,1,11,13,0,0,0,24,1,1,0
86,1,19,15,0,0,0,24,1,1,0
8,1,8,11,0,0,0,24,1,1,0
35,1,19,14,0,0,0,24,1,1,0
101,1,13,12,0,0,0,24,1,1,0
88,1,15,6,0,0,0,24,1,1,0
40,1,11,9,0,0,0,24,1,1,0
52,1,19,15,0,0,0,24,1,1,0
30,1,19,11,0,0,0,24,1,1,0
34,1,15,7,0,0,0,24,1,1,0
42,1,11,2,0,0,0,24,1,1,0
108,1,12,11,0,0,0,24,1,1,0
31,1,15,19,0,0,0,24,1,1,0
44,1,17,20,0,0,0,24,1,1,0
21,1,8,14,0,0,0,24,1,1,0
106,1,10,12,0,0,0,24,1,1,0
23,1,13,2,0,0,0,24,1,1,0
70,1,9,11,0,0,0,24,1,1,0
67,1,10,2,0,0,0,24,1,1,0
47,1,16,13,0,0,0,24,1,1,0
20,1,11,2,0,0,0,24,1,1,0
118,1,13,4,0,0,0,24,1,1,0
123,1,17,3,0,0,0,24,1,1,0
112,1,14,2,0,0,0,24,1,1,0
29,1,9,4,0,0,0,24,1,1,0
117,1,16,4,0,0,0,24,1,1,0
71,1,20,2,0,0,0,24,1,1,0
86,1,17,12,0,0,0,24,1,1,0
83,1,16,6,0,0,0,24,1,1,0
148,1,17,17,0,0,0,24,1,1,0
121,1,16,16,0,0,0,24,1,1,0
53,1,18,11,0,0,0,24,1,1,0
17,1,9,19,0,0,0,24,1,1,0
122,1,19,20,0,0,0,24,1,1,0
100,1,11,14,0,0,0,24,1,1,0
70,1,8,14,0,0,0,24,1,1,0
29,1,20,6,0,0,0,24,1,1,0
39,1,19,3,0,0,0,24,1,1,0
31,1,8,18,0,0,0,24,1,1,0
84,1,13,4,0,0,0,24,1,1,0
74,1,11,20,0,0,0,24,1,1,0
21,1,12,19,0,0,0,24,1,1,0
26,1,9,13,0,0,0,24,1,1,0
29,1,12,15,0,0,0,24,1,1,0
54,1,17,16,0,0,0,24,1,1,0
5,1,12,2,0,0,0,24,1,1,0
30,1,11,3,0,0,0,24,1,1,0
107,1,20,6,0,0,0,24,1,1,0
75,1,14,18,0,0,0,24,1,1,0
145,1,16,15,0,0,0,24,1,1,0
15,1,9,15,0,0,0,24,1,1,0
103,1,18,7,0,0,0,24,1,1,0
113,1,20,20,0,0,0,24,1,1,0
108,1,20,3,0,0,0,24,1,1,0
49,1,10,7,0,0,0,24,1,1,0
8,1,13,9,0,0,0,24,1,1,0
104,1,11,11,0,0,0,24,1,1,0
103,1,18,6,0,0,0,24,1,1,0
114,1,20,17,0,0,0,24,1,1,0
77,1,15,7,0,0,0,24,1,1,0
112,1,17,18,0,0,0,24,1,1,0
95,1,13,4,0,0,0,24,1,1,0
128,1,19,13,0,0,0,24,1,1,0
88,1,17,10,0,0,0,24,1,1,0
60,1,10,4,0,0,0,24,1,1,0
13,1,11,8,0,0,0,24,1,1,0
94,1,19,2,0,0,0,24,1,1,0
131,1,20,5,0,0,0,24,1,1,0
97,1,13,11,0,0,0,24,1,1,0
113,1,20,15,0,0,0,24,1,1,0
43,1,20,3,0,0,0,24,1,1,0
7,1,17,8,0,0,0,24,1,1,0
35,1,11,19,0,0,0,24,1,1,0
141,1,13,14,0,0,0,24,1,1,0
94,1,20,2,0,0,0,24,1,1,0
117,1,11,20,0,0,0,24,1,1,0
78,1,19,10,0,0,0,24,1,1,0
38,1,14,17,0,0,0,24,1,1,0
46,1,12,18,0,0,0,24,1,1,0
113,1,17,20,0,0,0,24,1,1,0
83,1,18,13,0,0,0,24,1,1,0
32,1,9,20,0,0,0,24,1,1,0
14,1,13,11,0,0,0,24,1,1,0
141,1,18,1,0,0,0,24,1,1,0
71,1,12,15,0,0,0,24,1,1,0
91,1,12,19,0,0,0,24,1,1,0
42,1,18,2,0,0,0,24,1,1,0
145,1,9,15,0,0,0,24,1,1,0
76,1,18,1,0,0,0,24,1,1,0
82,1,16,8,0,0,0,24,1,1,0
13,1,18,14,0,0,0,24,1,1,0
81,1,19,20,0,0,0,24,1,1,0
6,1,16,11,0,0,0,24,1,1,0
128,1,17,18,0,0,0,24,1,1,0
146,1,18,9,0,0,0,24,1,1,0
99,1,12,2,0,0,0,24,1,1,0
9,1,11,18,0,0,0,24,1,1,0
150,1,13,16,0,0,0,24,1,1,0
6,1,14,13,0,0,0,24,1,1,0
147,1,18,5,0,0,0,24,1,1,0
74,1,11,6,0,0,0,24,1,1,0
149,1,14,1,0,0,0,24,1,1,0
18,1,20,10,0,0,0,24,1,1,0
49,1,8,16,0,0,0,24,1,1,0
140,1,19,1,0,0,0,24,1,1,0
85,1,19,20,0,0,0,24,1,1,0
147,1,12,16,0,0,0,24,1,1,0
65,1,18,11,0,0,0,24,1,1,0
11,1,20,2,0,0,0,24,1,1,0
128,1,9,15,0,0,0,24,1,1,0
41,1,15,1,0,0,0,24,1,1,0
129,1,16,13,0,0,0,24,1,1,0
105,1,17,17,0,0,0,24,1,1,0
126,1,18,14,0,0,0,24,1,1,0
93,1,19,5,0,0,0,24,1,1,0
103,1,19,6,0,0,0,24,1,1,0
120,1,14,6,0,0,0,24,1,1,0
29,1,19,14,0,0,0,24,1,1,0
134,1,15,7,0,0,0,24,1,1,0
71,1,11,17,0,0,0,24,1,1,0
103,1,12,20,0,0,0,24,1,1,0
56,1,9,3,0,0,0,24,1,1,0
92,1,20,18,0,0,0,24,1,1,0
69,1,15,12,0,0,0,24,1,1,0
35,1,18,20,0,0,0,24,1,1,0
96,1,19,10,0,0,0,24,1,1,0
114,1,11,4,0,0,0,24,1,1,0
115,1,14,6,0,0,0,24,1,1,0
6,1,9,19,0,0,0,24,1,1,0
45,1,17,15,0,0,0,24,1,1,0
137,1,15,6,0,0,0,24,1,1,0
119,1,18,4,0,0,0,24,1,1,0
16,1,18,17,0,0,0,24,1,1,0
62,1,12,16,0,0,0,24,1,1,0
49,1,10,10,0,0,0,24,1,1,0
74,1,8,14,0,0,0,24,1,1,0
124,1,20,6,0,0,0,24,1,1,0
113,1,13,1,0,0,0,24,1,1,0
136,1,16,15,0,0,0,24,1,1,0
108,1,9,2,0,0,0,24,1,1,0
137,1,9,18,0,0,0,24,1,1,0
114,1,18,16,0,0,0,24,1,1,0
145,1,15,2,0,0,0,24,1,1,0
128,1,13,13,0,0,0,24,1,1,0
31,1,17,10,0,0,0,24,1,1,0
52,1,20,8,0,0,0,24,1,1,0
85,1,13,13,0,0,0,24,1,1,0
78,1,19,17,0,0,0,24,1,1,0
23,1,10,1,0,0,0,24,1,1,0
38,1,17,13,0,0,0,24,1,1,0
51,1,10,18,0,0,0,24,1,1,0
150,1,13,4,0,0,0,24,1,1,0
38,1,13,14,0,0,0,24,1,1,0
143,1,12,17,0,0,0,24,1,1,0
59,1,16,11,0,0,0,24,1,1,0
58,1,8,4,0,0,0,24,1,1,0
78,1,9,19,0,0,0,24,1,1,0
31,1,18,1,0,0,0,24,1,1,0
68,1,16,1,0,0,0,24,1,1,0
126,1,13,2,0,0,0,24,1,1,0
57,1,12,12,0,0,0,24,1,1,0
18,1,20,18,0,0,0,24,1,1,0
150,1,17,17,0,0,0,24,1,1,0
109,1,12,10,0,0,0,24,1,1,0
145,1,15,20,0,0,0,24,1,1,0
79,1,15,18,0,0,0,24,1,1,0
108,1,10,6,0,0,0,24,1,1,0
85,1,16,5,0,0,0,24,1,1,0
15,1,20,12,0,0,0,24,1,1,0
101,1,16,2,0,0,0,24,1,1,0
115,1,10,6,0,0,0,24,1,1,0
111,1,14,18,0,0,0,24,1,1,0
107,1,18,1,0,0,0,24,1,1,0
47,1,19,11,0,0,0,24,1,1,0
75,1,11,11,0,0,0,24,1,1,0
70,1,12,2,0,0,0,24,1,1,0
27,1,19,4,0,0,0,24,1,1,0
37,1,19,18,0,0,0,24,1,1,0
129,1,17,11,0,0,0,24,1,1,0
13,1,19,19,0,0,0,24,1,1,0
62,1,17,2,0,0,0,24,1,1,0
48,1,18,20,0,0,0,24,1,1,0
131,1,17,5,0,0,0,24,1,1,0
138,1,11,1,0,0,0,24,1,1,0
81,1,19,12,0,0,0,24,1,1,0
36,1,13,2,0,0,0,24,1,1,0
133,1,12,15,0,0,0,24,1,1,0
8,1,15,4,0,0,0,24,1,1,0
47,1,19,4,0,0,0,24,1,1,0
50,1,14,11,0,0,0,24,1,1,0
39,1,16,11,0,0,0,24,1,1,0
102,1,13,14,0,0,0,24,1,1,0
31,1,9,2,0,0,0,24,1,1,0
36,1,18,7,0,0,0,24,1,1,0
59,1,20,15,0,0,0,24,1,1,0
40,1,17,5,0,0,0,24,1,1,0
75,1,20,20,0,0,0,24,1,1,0
109,1,18,4,0,0,0,24,1,1,0
103,1,14,13,0,0,0,24,1,1,0
101,1,19,20,0,0,0,24,1,1,0
79,1,19,6,0,0,0,24,1,1,0
86,1,11,8,0,0,0,24,1,1,0
80,1,9,20,0,0,0,24,1,1,0
64,1,15,13,0,0,0,24,1,1,0
40,1,12,10,0,0,0,24,1,1,0
79,1,12,11,0,0,0,24,1,1,0
113,1,20,5,0,0,0,24,1,1,0
51,1,11,19,0,0,0,24,1,1,0
18,1,15,7,0,0,0,24,1,1,0
76,1,14,17,0,0,0,24,1,1,0
83,1,16,2,0,0,0,24,1,1,0
95,1,13,4,0,0,0,24,1,1,0
72,1,13,10,0,0,0,24,1,1,0
101,1,13,17,0,0,0,24,1,1,0
31,1,19,2,0,0,0,24,1,1,0
21,1,15,8,0,0,0,24,1,1,0
135,1,18,20,0,0,0,24,1,1,0
24,1,17,1,0,0,0,24,1,1,0
61,1,17,17,0,0,0,24,1,1,0
88,1,19,12,0,0,0,24,1,1,0
129,1,15,16,0,0,0,24,1,1,0
24,1,19,15,0,0,0,24,1,1,0
7,1,10,20,0,0,0,24,1,1,0
72,1,17,3,0,0,0,24,1,1,0
97,1,17,3,0,0,0,24,1,1,0
129,1,13,11,0,0,0,24,1,1,0
20,1,20,17,0,0,0,24,1,1,0
69,1,16,14,0,0,0,24,1,1,0
66,1,11,4,0,0,0,24,1,1,0
63,1,17,12,0,0,0,24,1,1,0
134,1,8,15,0,0,0,24,1,1,0
50,1,19,5,0,0,0,24,1,1,0
87,1,10,5,0,0,0,24,1,1,0
19,1,12,5,0,0,0,24,1,1,0
53,1,10,20,0,0,0,24,1,1,0
32,1,10,12,0,0,0,24,1,1,0
61,1,19,16,0,0,0,24,1,1,0
33,1,19,2,0,0,0,24,1,1,0
57,1,16,6,0,0,0,24,1,1,0
14,1,15,5,0,0,0,24,1,1,0
15,1,16,12,0,0,0,24,1,1,0
66,1,9,1,0,0,0,24,1,1,0
8,1,16,2,0,0,0,24,1,1,0
65,1,9,2,0,0,0,24,1,1,0
115,1,17,6,0,0,0,24,1,1,0
8,1,15,19,0,0,0,24,1,1,0
55,1,11,1,0,0,0,24,1,1,0
24,1,13,2,0,0,0,24,1,1,0
84,1,16,14,0,0,0,24,1,1,0
14,1,18,20,0,0,0,24,1,1,0
99,1,17,13,0,0,0,24,1,1,0
148,1,9,7,0,0,0,24,1,1,0
14,1,18,8,0,0,0,24,1,1,0
129,1,20,11,0,0,0,24,1,1,0
48,1,14,20,0,0,0,24,1,1,0
77,1,15,5,0,0,0,24,1,1,0
9,1,10,5,0,0,0,24,1,1,0
84,1,9,4,0,0,0,24,1,1,0
143,1,12,19,0,0,0,24,1,1,0
137,1,11,5,0,0,0,24,1,1,0
140,1,18,1,0,0,0,24,1,1,0
76,1,16,16,0,0,0,24,1,1,0
33,1,9,7,0,0,0,24,1,1,0
107,1,18,3,0,0,0,24,1,1,0
126,1,11,13,0,0,0,24,1,1,0
59,1,17,20,0,0,0,24,1,1,0
122,1,10,13,0,0,0,24,1,1,0
30,1,19,7,0,0,0,24,1,1,0
26,1,15,9,0,0,0,24,1,1,0
70,1,15,17,0,0,0,24,1,1,0
114,1,8,5,0,0,0,24,1,1,0
35,1,11,17,0,0,0,24,1,1,0
9,1,16,5,0,0,0,24,1,1,0
107,1,14,19,0,0,0,24,1,1,0
52,1,15,7,0,0,0,24,1,1,0
63,1,19,17,0,0,0,24,1,1,0
59,1,19,14,0,0,0,24,1,1,0
62,1,16,8,0,0,0,24,1,1,0
82,1,9,4,0,0,0,24,1,1,0
38,1,14,4,0,0,0,24,1,1,0
91,1,9,19,0,0,0,24,1,1,0
77,1,15,5,0,0,0,24,1,1,0
77,1,17,1,0,0,0,24,1,1,0
7,1,15,16,0,0,0,24,1,1,0
26,1,9,10,0,0,0,24,1,1,0
53,1,11,4,0,0,0,24,1,1,0
72,1,14,14,0,0,0,24,1,1,0
27,1,8,11,0,0,0,24,1,1,0
134,1,15,1,0,0,0,24,1,1,0
60,1,17,13,0,0,0,24,1,1,0
129,1,15,16,0,0,0,24,1,1,0
38,1,12,18,0,0,0,24,1,1,0
31,1,11,9,0,0,0,24,1,1,0
91,1,17,11,0,0,0,24,1,1,0
128,1,18,13,0,0,0,24,1,1,0
26,1,16,17,0,0,0,24,1,1,0
65,1,17,6,0,0,0,24,1,1,0
90,1,20,4,0,0,0,24,1,1,0
67,1,14,9,0,0,0,24,1,1,0
138,1,13,11,0,0,0,24,1,1,0
134,1,18,11,0,0,0,24,1,1,0
150,1,12,2,0,0,0,24,1,1,0
18,1,11,5,0,0,0,24,1,1,0
70,1,11,20,0,0,0,24,1,1,0
29,1,16,11,0,0,0,24,1,1,0
16,1,17,11,0,0,0,24,1,1,0
85,1,11,11,0,0,0,24,1,1,0
95,1,15,6,0,0,0,24,1,1,0
147,1,18,9,0,0,0,24,1,1,0
5,1,12,20,0,0,0,24,1,1,0
133,1,12,12,0,0,0,24,1,1,0
59,1,20,19,0,0,0,24,1,1,0
68,1,17,7,0,0,0,24,1,1,0
145,1,14,19,0,0,0,24,1,1,0
142,1,18,4,0,0,0,24,1,1,0
64,1,13,6,0,0,0,24,1,1,0
127,1,13,10,0,0,0,24,1,1,0
52,1,16,8,0,0,0,24,1,1,0
39,1,17,7,0,0,0,24,1,1,0
75,1,18,19,0,0,0,24,1,1,0
102,1,19,14,0,0,0,24,1,1,0
35,1,18,20,0,0,0,24,1,1,0
105,1,14,15,0,0,0,24,1,1,0
138,1,10,19,0,0,0,24,1,1,0
48,1,8,3,0,0,0,24,1,1,0
127,1,11,9,0,0,0,24,1,1,0
38,1,9,20,0,0,0,24,1,1,0
25,1,13,8,0,0,0,24,1,1,0
58,1,18,11,0,0,0,24,1,1,0
21,1,20,17,0,0,0,24,1,1,0
122,1,8,5,0,0,0,24,1,1,0
44,1,17,5,0,0,0,24,1,1,0
106,1,20,18,0,0,0,24,1,1,0
69,1,19,19,0,0,0,24,1,1,0
116,1,17,8,0,0,0,24,1,1,0
146,1,17,19,0,0,0,24,1,1,0
130,1,18,10,0,0,0,24,1,1,0
121,1,14,7,0,0,0,24,1,1,0
135,1,9,8,0,0,0,24,1,1,0
126,1,14,8,0,0,0,24,1,1,0
16,1,13,19,0,0,0,24,1,1,0
24,1,10,14,0,0,0,24,1,1,0
40,1,19,7,0,0,0,24,1,1,0
129,1,8,18,0,0,0,24,1,1,0
88,1,15,8,0,0,0,24,1,1,0
68,1,15,10,0,0,0,24,1,1,0
43,1,17,13,0,0,0,24,1,1,0
40,1,15,17,0,0,0,24,1,1,0
21,1,16,6,0,0,0,24,1,1,0
116,1,16,7,0,0,0,24,1,1,0
69,1,12,19,0,0,0,24,1,1,0
20,1,20,20,0,0,0,24,1,1,0
21,1,14,6,0,0,0,24,1,1,0
21,1,11,10,0,0,0,24,1,1,0
113,1,16,18,0,0,0,24,1,1,0
123,1,17,15,0,0,0,24,1,1,0
37,1,9,12,0,0,0,24,1,1,0
136,1,16,20,0,0,0,24,1,1,0
54,1,12,11,0,0,0,24,1,1,0
149,1,12,14,0,0,0,24,1,1,0
38,1,9,17,0,0,0,24,1,1,0
139,1,8,11,0,0,0,24,1,1,0
138,1,19,6,0,0,0,24,1,1,0
59,1,15,12,0,0,0,24,1,1,0
53,1,15,8,0,0,0,24,1,1,0
145,1,19,12,0,0,0,24,1,1,0
33,1,18,20,0,0,0,24,1,1,0
43,1,10,3,0,0,0,24,1,1,0
7,1,16,16,0,0,0,24,1,1,0
86,1,17,1,0,0,0,24,1,1,0
55,1,15,8,0,0,0,24,1,1,0
23,1,8,20,0,0,0,24,1,1,0
13,1,20,11,0,0,0,24,1,1,0
43,1,16,2,0,0,0,24,1,1,0
96,1,9,5,0,0,0,24,1,1,0
143,1,20,11,0,0,0,24,1,1,0
136,1,10,14,0,0,0,24,1,1,0
95,1,13,9,0,0,0,24,1,1,0
46,1,14,7,0,0,0,24,1,1,0
48,1,15,14,0,0,0,24,1,1,0
113,1,16,10,0,0,0,24,1,1,0
82,1,17,15,0,0,0,24,1,1,0
32,1,18,9,0,0,0,24,1,1,0
56,1,16,10,0,0,0,24,1,1,0
8,1,13,16,0,0,0,24,1,1,0
146,1,18,20,0,0,0,24,1,1,0
149,1,18,11,0,0,0,24,1,1,0
39,1,15,15,0,0,0,24,1,1,0
32,1,8,13,0,0,0,24,1,1,0
122,1,17,15,0,0,0,24,1,1,0
10,1,11,8,0,0,0,24,1,1,0
26,1,10,17,0,0,0,24,1,1,0
112,1,13,15,0,0,0,24,1,1,0
36,1,8,6,0,0,0,24,1,1,0
66,1,13,11,0,0,0,24,1,1,0
24,1,14,1,0,0,0,24,1,1,0
91,1,20,19,0,0,0,24,1,1,0
81,1,20,20,0,0,0,24,1,1,0
124,1,8,1,0,0,0,24,1,1,0
41,1,20,6,0,0,0,24,1,1,0
53,1,19,1,0,0,0,24,1,1,0
55,1,12,9,0,0,0,24,1,1,0
131,1,19,19,0,0,0,24,1,1,0
18,1,16,13,0,0,0,24,1,1,0
148,1,18,19,0,0,0,24,1,1,0
27,1,16,2,0,0,0,24,1,1,0
117,1,11,15,0,0,0,24,1,1,0
14,1,12,7,0,0,0,24,1,1,0
91,1,18,7,0,0,0,24,1,1,0
44,1,20,11,0,0,0,24,1,1,0
69,1,13,5,0,0,0,24,1,1,0
107,1,8,11,0,0,0,24,1,1,0
111,1,14,12,0,0,0,24,1,1,0
67,1,13,2,0,0,0,24,1,1,0
26,1,9,4,0,0,0,24,1,1,0
59,1,16,11,0,0,0,24,1,1,0
10,1,10,8,0,0,0,24,1,1,0
147,1,8,18,0,0,0,24,1,1,0
33,1,11,14,0,0,0,24,1,1,0
58,1,8,2,0,0,0,24,1,1,0
81,1,9,18,0,0,0,24,1,1,0
73,1,16,5,0,0,0,24,1,1,0
71,1,12,7,0,0,0,24,1,1,0
24,1,8,15,0,0,0,24,1,1,0
79,1,8,13,0,0,0,24,1,1,0
136,1,8,19,0,0,0,24,1,1,0
57,1,18,2,0,0,0,24,1,1,0
109,1,16,6,0,0,0,24,1,1,0
106,1,15,3,0,0,0,24,1,1,0
29,1,9,7,0,0,0,24,1,1,0
140,1,9,6,0,0,0,24,1,1,0
150,1,20,20,0,0,0,24,1,1,0
87,1,20,11,0,0,0,24,1,1,0
124,1,8,4,0,0,0,24,1,1,0
114,1,13,14,0,0,0,24,1,1,0
149,1,16,9,0,0,0,24,1,1,0
35,1,8,2,0,0,0,24,1,1,0
146,1,16,15,0,0,0,24,1,1,0
72,1,17,2,0,0,0,24,1,1,0
98,1,8,20,0,0,0,24,1,1,0
59,1,8,4,0,0,0,24,1,1,0
21,1,16,12,0,0,0,24,1,1,0
7,1,14,5,0,0,0,24,1,1,0
91,1,20,20,0,0,0,24,1,1,0
88,1,15,20,0,0,0,24,1,1,0
107,1,11,9,0,0,0,24,1,1,0
87,1,10,4,0,0,0,24,1,1,0
67,1,15,5,0,0,0,24,1,1,0
17,1,17,20,0,0,0,24,1,1,0
101,1,19,4,0,0,0,24,1,1,0
90,1,19,16,0,0,0,24,1,1,0
89,1,19,2,0,0,0,24,1,1,0
89,1,9,4,0,0,0,24,1,1,0
33,1,15,4,0,0,0,24,1,1,0
72,1,11,1,0,0,0,24,1,1,0
43,1,20,7,0,0,0,24,1,1,0
49,1,9,10,0,0,0,24,1,1,0
137,1,10,7,0,0,0,24,1,1,0
7,1,10,7,0,0,0,24,1,1,0
121,1,20,19,0,0,0,24,1,1,0
127,1,10,2,0,0,0,24,1,1,0
92,1,13,9,0,0,0,24,1,1,0
8,1,19,12,0,0,0,24,1,1,0
27,1,8,15,0,0,0,24,1,1,0
55,1,16,19,0,0,0,24,1,1,0
137,1,18,11,0,0,0,24,1,1,0
112,1,16,13,0,0,0,24,1,1,0
132,1,20,15,0,0,0,24,1,1,0
62,1,18,12,0,0,0,24,1,1,0
108,1,15,7,0,0,0,24,1,1,0
150,1,16,6,0,0,0,24,1,1,0
18,1,10,1,0,0,0,24,1,1,0
86,1,11,16,0,0,0,24,1,1,0
145,1,11,3,0,0,0,24,1,1,0
131,1,20,2,0,0,0,24,1,1,0
36,1,8,9,0,0,0,24,1,1,0
130,1,11,11,0,0,0,24,1,1,0
21,1,14,19,0,0,0,24,1,1,0
96,1,20,16,0,0,0,24,1,1,0
115,1,15,15,0,0,0,24,1,1,0
63,1,11,15,0,0,0,24,1,1,0
28,1,18,11,0,0,0,24,1,1,0
138,1,14,3,0,0,0,24,1,1,0
92,1,8,2,0,0,0,24,1,1,0
134,1,19,6,0,0,0,24,1,1,0
8,1,9,6,0,0,0,24,1,1,0
148,1,17,19,0,0,0,24,1,1,0
57,1,20,4,0,0,0,24,1,1,0
42,1,9,10,0,0,0,24,1,1,0
54,1,14,2,0,0,0,24,1,1,0
89,1,16,18,0,0,0,24,1,1,0
143,1,9,17,0,0,0,24,1,1,0
131,1,18,1,0,0,0,24,1,1,0
120,1,11,17,0,0,0,24,1,1,0
11,1,18,3,0,0,0,24,1,1,0
32,1,18,19,0,0,0,24,1,1,0
9,1,11,6,0,0,0,24,1,1,0
17,1,20,6,0,0,0,24,1,1,0
59,1,11,11,0,0,0,24,1,1,0
125,1,17,9,0,0,0,24,1,1,0
37,1,15,18,0,0,0,24,1,1,0
58,1,8,19,0,0,0,24,1,1,0
33,1,18,14,0,0,0,24,1,1,0
90,1,11,11,0,0,0,24,1,1,0
85,1,12,5,0,0,0,24,1,1,0
33,1,16,7,0,0,0,24,1,1,0
74,1,20,10,0,0,0,24,1,1,0
44,1,19,19,0,0,0,24,1,1,0
85,1,14,1,0,0,0,24,1,1,0
128,1,15,5,0,0,0,24,1,1,0
74,1,13,17,0,0,0,24,1,1,0
36,1,8,7,0,0,0,24,1,1,0
40,1,11,16,0,0,0,24,1,1,0
7,1,18,17,0,0,0,24,1,1,0
45,1,20,1,0,0,0,24,1,1,0
142,1,12,10,0,0,0,24,1,1,0
132,1,20,10,0,0,0,24,1,1,0
18,1,12,3,0,0,0,24,1,1,0
26,1,10,20,0,0,0,24,1,1,0
110,1,16,10,0,0,0,24,1,1,0
61,1,19,4,0,0,0,24,1,1,0
72,1,10,15,0,0,0,24,1,1,0
137,1,16,7,0,0,0,24,1,1,0
93,1,12,2,0,0,0,24,1,1,0
61,1,10,1,0,0,0,24,1,1,0
80,1,20,13,0,0,0,24,1,1,0
144,1,18,14,0,0,0,24,1,1,0
147,1,12,13,0,0,0,24,1,1,0
16,1,19,19,0,0,0,24,1,1,0
68,1,19,4,0,0,0,24,1,1,0
143,1,11,8,0,0,0,24,1,1,0
7,1,8,2,0,0,0,24,1,1,0
56,1,16,11,0,0,0,24,1,1,0
77,1,11,5,0,0,0,24,1,1,0
123,1,18,7,0,0,0,24,1,1,0
73,1,14,19,0,0,0,24,1,1,0
116,1,11,7,0,0,0,24,1,1,0
43,1,13,8,0,0,0,24,1,1,0
72,1,12,11,0,0,0,24,1,1,0
146,1,11,17,0,0,0,24,1,1,0
124,1,19,20,0,0,0,24,1,1,0
22,1,12,12,0,0,0,24,1,1,0
145,1,12,15,0,0,0,24,1,1,0
134,1,18,3,0,0,0,24,1,1,0
44,1,10,20,0,0,0,24,1,1,0
56,1,8,8,0,0,0,24,1,1,0
78,1,8,9,0,0,0,24,1,1,0
52,1,13,13,0,0,0,24,1,1,0
51,1,13,4,0,0,0,24,1,1,0
104,1,17,1,0,0,0,24,1,1,0
8,1,20,2,0,0,0,24,1,1,0
126,1,15,20,0,0,0,24,1,1,0
20,1,13,1,0,0,0,24,1,1,0
109,1,11,17,0,0,0,24,1,1,0
41,1,9,14,0,0,0,24,1,1,0
122,1,20,1,0,0,0,24,1,1,0
66,1,17,2,0,0,0,24,1,1,0
60,1,17,15,0,0,0,24,1,1,0
16,1,8,14,0,0,0,24,1,1,0
103,1,11,2,0,0,0,24,1,1,0
10,1,17,14,0,0,0,24,1,1,0
79,1,13,11,0,0,0,24,1,1,0
137,1,15,12,0,0,0,24,1,1,0
108,1,20,12,0,0,0,24,1,1,0
103,1,16,11,0,0,0,24,1,1,0
123,1,13,6,0,0,0,24,1,1,0
97,1,13,11,0,0,0,24,1,1,0
143,1,12,13,0,0,0,24,1,1,0
140,1,16,14,0,0,0,24,1,1,0
91,1,8,6,0,0,0,24,1,1,0
97,1,20,4,0,0,0,24,1,1,0
30,1,19,1,0,0,0,24,1,1,0
45,1,8,9,0,0,0,24,1,1,0
25,1,20,6,0,0,0,24,1,1,0
9,1,12,1,0,0,0,24,1,1,0
22,1,13,12,0,0,0,24,1,1,0
86,1,9,20,0,0,0,24,1,1,0
145,1,10,2,0,0,0,24,1,1,0
42,1,20,18,0,0,0,24,1,1,0
12,1,13,3,0,0,0,24,1,1,0
126,1,11,1,0,0,0,24,1,1,0
70,1,20,1,0,0,0,24,1,1,0
75,1,16,19,0,0,0,24,1,1,0
123,1,8,10,0,0,0,24,1,1,0
27,1,15,19,0,0,0,24,1,1,0
50,1,12,15,0,0,0,24,1,1,0
103,1,10,10,0,0,0,24,1,1,0
109,1,19,7,0,0,0,24,1,1,0
127,1,17,4,0,0,0,24,1,1,0
35,1,8,13,0,0,0,24,1,1,0
114,1,12,9,0,0,0,24,1,1,0
119,1,11,12,0,0,0,24,1,1,0
135,1,10,12,0,0,0,24,1,1,0
120,1,20,9,0,0,0,24,1,1,0
36,1,20,19,0,0,0,24,1,1,0
11,1,11,13,0,0,0,24,1,1,0
38,1,20,5,0,0,0,24,1,1,0
81,1,12,12,0,0,0,24,1,1,0
31,1,15,19,0,0,0,24,1,1,0
134,1,16,10,0,0,0,24,1,1,0
27,1,16,19,0,0,0,24,1,1,0
89,1,8,19,0,0,0,24,1,1,0
73,1,15,12,0,0,0,24,1,1,0
125,1,14,1,0,0,0,24,1,1,0
120,1,18,13,0,0,0,24,1,1,0
122,1,11,19,0,0,0,24,1,1,0
148,1,11,2,0,0,0,24,1,1,0
116,1,17,14,0,0,0,24,1,1,0
40,1,20,20,0,0,0,24,1,1,0
63,1,14,4,0,0,0,24,1,1,0
75,1,18,1,0,0,0,24,1,1,0
23,1,10,2,0,0,0,24,1,1,0
83,1,15,3,0,0,0,24,1,1,0
150,1,17,19,0,0,0,24,1,1,0
33,1,15,4,0,0,0,24,1,1,0
12,1,10,16,0,0,0,24,1,1,0
50,1,16,15,0,0,0,24,1,1,0
41,1,10,7,0,0,0,24,1,1,0
71,1,8,7,0,0,0,24,1,1,0
72,1,17,20,0,0,0,24,1,1,0
119,1,19,20,0,0,0,24,1,1,0
125,1,12,7,0,0,0,24,1,1,0
66,1,20,15,0,0,0,24,1,1,0
15,1,12,2,0,0,0,24,1,1,0
38,1,12,18,0,0,0,24,1,1,0
32,1,11,1,0,0,0,24,1,1,0
119,1,15,12,0,0,0,24,1,1,0
131,1,17,13,0,0,0,24,1,1,0
34,1,19,18,0,0,0,24,1,1,0
50,1,12,12,0,0,0,24,1,1,0
8,1,8,19,0,0,0,24,1,1,0
51,1,12,18,0,0,0,24,1,1,0
44,1,10,8,0,0,0,24,1,1,0
32,1,20,2,0,0,0,24,1,1,0
57,1,14,8,0,0,0,24,1,1,0
16,1,16,14,0,0,0,24,1,1,0
6,1,16,11,0,0,0,24,1,1,0
13,1,10,18,0,0,0,24,1,1,0
134,1,17,1,0,0,0,24,1,1,0
119,1,9,4,0,0,0,24,1,1,0
81,1,16,20,0,0,0,24,1,1,0
95,1,14,4,0,0,0,24,1,1,0
134,1,14,19,0,0,0,24,1,1,0
22,1,11,16,0,0,0,24,1,1,0
10,1,19,8,0,0,0,24,1,1,0
26,1,14,14,0,0,0,24,1,1,0
41,1,10,5,0,0,0,24,1,1,0
110,1,19,1,0,0,0,24,1,1,0
42,1,11,3,0,0,0,24,1,1,0
37,1,11,12,0,0,0,24,1,1,0
115,1,13,14,0,0,0,24,1,1,0
123,1,9,16,0,0,0,24,1,1,0
136,1,11,16,0,0,0,24,1,1,0
107,1,19,6,0,0,0,24,1,1,0
54,1,19,10,0,0,0,24,1,1,0
5,1,11,8,0,0,0,24,1,1,0
71,1,8,19,0,0,0,24,1,1,0
88,1,9,15,0,0,0,24,1,1,0
108,1,20,16,0,0,0,24,1,1,0
114,1,17,9,0,0,0,24,1,1,0
46,1,15,12,0,0,0,24,1,1,0
22,1,19,18,0,0,0,24,1,1,0
56,1,20,4,0,0,0,24,1,1,0
54,1,13,1,0,0,0,24,1,1,0
109,1,14,10,0,0,0,24,1,1,0
47,1,18,20,0,0,0,24,1,1,0
131,1,18,2,0,0,0,24,1,1,0
111,1,20,19,0,0,0,24,1,1,0
71,1,19,5,0,0,0,24,1,1,0
15,1,12,10,0,0,0,24,1,1,0
133,1,8,12,0,0,0,24,1,1,0
149,1,14,20,0,0,0,24,1,1,0
31,1,17,5,0,0,0,24,1,1,0
135,1,20,10,0,0,0,24,1,1,0
21,1,14,3,0,0,0,24,1,1,0
98,1,17,2,0,0,0,24,1,1,0
99,1,20,19,0,0,0,24,1,1,0
48,1,18,13,0,0,0,24,1,1,0
21,1,16,4,0,0,0,24,1,1,0
134,1,15,7,0,0,0,24,1,1,0
20,1,17,11,0,0,0,24,1,1,0
147,1,20,12,0,0,0,24,1,1,0
42,1,11,7,0,0,0,24,1,1,0
31,1,8,15,0,0,0,24,1,1,0
87,1,13,12,0,0,0,24,1,1,0
49,1,19,20,0,0,0,24,1,1,0
37,1,9,20,0,0,0,24,1,1,0
133,1,19,15,0,0,0,24,1,1,0
140,1,11,16,0,0,0,24,1,1,0
116,1,13,1,0,0,0,24,1,1,0
42,1,12,12,0,0,0,24,1,1,0
144,1,11,9,0,0,0,24,1,1,0
60,1,19,8,0,0,0,24,1,1,0
57,1,13,12,0,0,0,24,1,1,0
47,1,11,8,0,0,0,24,1,1,0
126,1,18,11,0,0,0,24,1,1,0
105,1,11,12,0,0,0,24,1,1,0
98,1,20,20,0,0,0,24,1,1,0
89,1,12,2,0,0,0,24,1,1,0
133,1,17,11,0,0,0,24,1,1,0
41,1,13,14,0,0,0,24,1,1,0
70,1,17,19,0,0,0,24,1,1,0
135,1,15,5,0,0,0,24,1,1,0
15,1,9,10,0,0,0,24,1,1,0
44,1,16,9,0,0,0,24,1,1,0
101,1,12,1,0,0,0,24,1,1,0
140,1,12,17,0,0,0,24,1,1,0
60,1,17,19,0,0,0,24,1,1,0
6,1,11,3,0,0,0,24,1,1,0
40,1,13,6,0,0,0,24,1,1,0
40,1,8,15,0,0,0,24,1,1,0
71,1,14,5,0,0,0,24,1,1,0
32,1,16,2,0,0,0,24,1,1,0
34,1,10,9,0,0,0,24,1,1,0
47,1,12,2,0,0,0,24,1,1,0
25,1,9,13,0,0,0,24,1,1,0
128,1,18,18,0,0,0,24,1,1,0
64,1,13,3,0,0,0,24,1,1,0
31,1,19,14,0,0,0,24,1,1,0
36,1,19,19,0,0,0,24,1,1,0
40,1,10,16,0,0,0,24,1,1,0
82,1,16,18,0,0,0,24,1,1,0
11,1,8,16,0,0,0,24,1,1,0
150,1,8,17,0,0,0,24,1,1,0
58,1,13,8,0,0,0,24,1,1,0
12,1,10,7,0,0,0,24,1,1,0
58,1,10,2,0,0,0,24,1,1,0
32,1,10,4,0,0,0,24,1,1,0
96,1,8,18,0,0,0,24,1,1,0
21,1,19,10,0,0,0,24,1,1,0
107,1,14,17,0,0,0,24,1,1,0
145,1,17,2,0,0,0,24,1,1,0
134,1,15,1,0,0,0,24,1,1,0
43,1,18,13,0,0,0,24,1,1,0
78,1,16,4,0,0,0,24,1,1,0
27,1,11,9,0,0,0,24,1,1,0
29,1,12,1,0,0,0,24,1,1,0
140,1,13,20,0,0,0,24,1,1,0
32,1,14,18,0,0,0,24,1,1,0
134,1,10,13,0,0,0,24,1,1,0
65,1,16,1,0,0,0,24,1,1,0
63,1,14,11,0,0,0,24,1,1,0
149,1,11,20,0,0,0,24,1,1,0
13,1,19,8,0,0,0,24,1,1,0
62,1,12,20,0,0,0,24,1,1,0
24,1,17,8,0,0,0,24,1,1,0
148,1,8,11,0,0,0,24,1,1,0
100,1,14,4,0,0,0,24,1,1,0
92,1,18,18,0,0,0,24,1,1,0
13,1,8,15,0,0,0,24,1,1,0
79,1,18,10,0,0,0,24,1,1,0
45,1,16,7,0,0,0,24,1,1,0
116,1,16,10,0,0,0,24,1,1,0
79,1,14,12,0,0,0,24,1,1,0
65,1,15,20,0,0,0,24,1,1,0
67,1,15,20,0,0,0,24,1,1,0
19,1,11,15,0,0,0,24,1,1,0
125,1,18,19,0,0,0,24,1,1,0
125,1,9,18,0,0,0,24,1,1,0
24,1,20,19,0,0,0,24,1,1,0
60,1,13,11,0,0,0,24,1,1,0
42,1,19,17,0,0,0,24,1,1,0
107,1,17,2,0,0,0,24,1,1,0
53,1,10,1,0,0,0,24,1,1,0
80,1,8,2,0,0,0,24,1,1,0
126,1,15,10,0,0,0,24,1,1,0
46,1,12,19,0,0,0,24,1,1,0
14,1,12,8,0,0,0,24,1,1,0
85,1,14,1,0,0,0,24,1,1,0
135,1,15,13,0,0,0,24,1,1,0
74,1,8,14,0,0,0,24,1,1,0
5,1,19,15,0,0,0,24,1,1,0
34,1,8,4,0,0,0,24,1,1,0
38,1,20,5,0,0,0,24,1,1,0
150,1,12,12,0,0,0,24,1,1,0
138,1,8,6,0,0,0,24,1,1,0
12,1,15,8,0,0,0,24,1,1,0
18,1,20,17,0,0,0,24,1,1,0
6,1,20,8,0,0,0,24,1,1,0
62,1,13,5,0,0,0,24,1,1,0
112,1,11,10,0,0,0,24,1,1,0
99,1,17,2,0,0,0,24,1,1,0
137,1,14,7,0,0,0,24,1,1,0
102,1,14,18,0,0,0,24,1,1,0
119,1,11,12,0,0,0,24,1,1,0
30,1,18,6,0,0,0,24,1,1,0
77,1,9,2,0,0,0,24,1,1,0
102,1,19,2,0,0,0,24,1,1,0
140,1,17,4,0,0,0,24,1,1,0
136,1,14,16,0,0,0,24,1,1,0
57,1,16,18,0,0,0,24,1,1,0
9,1,10,15,0,0,0,24,1,1,0
67,1,8,6,0,0,0,24,1,1,0
140,1,9,15,0,0,0,24,1,1,0
6,1,13,12,0,0,0,24,1,1,0
139,1,12,7,0,0,0,24,1,1,0
72,1,16,10,0,0,0,24,1,1,0
130,1,13,13,0,0,0,24,1,1,0
128,1,19,1,0,0,0,24,1,1,0
100,1,15,13,0,0,0,24,1,1,0
33,1,12,11,0,0,0,24,1,1,0
99,1,17,18,0,0,0,24,1,1,0
33,1,9,13,0,0,0,24,1,1,0
16,1,9,2,0,0,0,24,1,1,0
139,1,8,2,0,0,0,24,1,1,0
60,1,16,5,0,0,0,24,1,1,0
72,1,14,13,0,0,0,24,1,1,0
71,1,18,20,0,0,0,24,1,1,0
138,1,20,20,0,0,0,24,1,1,0
144,1,19,19,0,0,0,24,1,1,0
141,1,14,2,0,0,0,24,1,1,0
119,1,8,3,0,0,0,24,1,1,0
123,1,15,3,0,0,0,24,1,1,0
9,1,12,5,0,0,0,24,1,1,0
18,1,17,17,0,0,0,24,1,1,0
20,1,9,20,0,0,0,24,1,1,0
59,1,15,2,0,0,0,24,1,1,0
114,1,8,16,0,0,0,24,1,1,0
95,1,17,6,0,0,0,24,1,1,0
9,1,19,13,0,0,0,24,1,1,0
59,1,14,9,0,0,0,24,1,1,0
34,1,20,11,0,0,0,24,1,1,0
81,1,17,9,0,0,0,24,1,1,0
63,1,8,9,0,0,0,24,1,1,0
64,1,13,5,0,0,0,24,1,1,0
68,1,12,19,0,0,0,24,1,1,0
83,1,19,14,0,0,0,24,1,1,0
16,1,13,13,0,0,0,24,1,1,0
23,1,16,8,0,0,0,24,1,1,0
131,1,14,5,0,0,0,24,1,1,0
31,1,11,13,0,0,0,24,1,1,0
79,1,9,10,0,0,0,24,1,1,0
68,1,10,7,0,0,0,24,1,1,0
57,1,19,18,0,0,0,24,1,1,0
57,1,19,13,0,0,0,24,1,1,0
103,1,18,4,0,0,0,24,1,1,0
138,1,10,7,0,0,0,24,1,1,0
150,1,19,15,0,0,0,24,1,1,0
112,1,11,3,0,0,0,24,1,1,0
79,1,17,7,0,0,0,24,1,1,0
123,1,13,14,0,0,0,24,1,1,0
72,1,20,3,0,0,0,24,1,1,0
41,1,16,4,0,0,0,24,1,1,0
131,1,18,17,0,0,0,24,1,1,0
145,1,15,12,0,0,0,24,1,1,0
117,1,11,1,0,0,0,24,1,1,0
130,1,13,4,0,0,0,24,1,1,0
82,1,15,6,0,0,0,24,1,1,0
80,1,15,11,0,0,0,24,1,1,0
8,1,12,7,0,0,0,24,1,1,0
24,1,18,11,0,0,0,24,1,1,0
99,1,13,3,0,0,0,24,1,1,0
42,1,20,9,0,0,0,24,1,1,0
19,1,12,3,0,0,0,24,1,1,0
40,1,17,15,0,0,0,24,1,1,0
63,1,16,8,0,0,0,24,1,1,0
89,1,18,14,0,0,0,24,1,1,0
63,1,16,7,0,0,0,24,1,1,0
66,1,14,4,0,0,0,24,1,1,0
79,1,11,12,0,0,0,24,1,1,0
145,1,16,13,0,0,0,24,1,1,0
99,1,9,6,0,0,0,24,1,1,0
72,1,15,17,0,0,0,24,1,1,0
94,1,13,19,0,0,0,24,1,1,0
22,1,13,19,0,0,0,24,1,1,0
123,1,13,1,0,0,0,24,1,1,0
137,1,11,15,0,0,0,24,1,1,0
135,1,20,16,0,0,0,24,1,1,0
148,1,15,15,0,0,0,24,1,1,0
48,1,11,11,0,0,0,24,1,1,0
119,1,14,14,0,0,0,24,1,1,0
53,1,19,8,0,0,0,24,1,1,0
11,1,20,3,0,0,0,24,1,1,0
78,1,15,3,0,0,0,24,1,1,0
55,1,8,15,0,0,0,24,1,1,0
136,1,9,2,0,0,0,24,1,1,0
90,1,11,8,0,0,0,24,1,1,0
15,1,13,18,0,0,0,24,1,1,0
114,1,11,17,0,0,0,24,1,1,0
132,1,15,13,0,0,0,24,1,1,0
130,1,11,10,0,0,0,24,1,1,0
51,1,8,6,0,0,0,24,1,1,0
149,1,18,9,0,0,0,24,1,1,0
115,1,8,7,0,0,0,24,1,1,0
96,1,10,7,0,0,0,24,1,1,0
60,1,14,15,0,0,0,24,1,1,0
90,1,20,15,0,0,0,24,1,1,0
123,1,15,12,0,0,0,24,1,1,0
26,1,8,3,0,0,0,24,1,1,0
133,1,11,15,0,0,0,24,1,1,0
26,1,11,2,0,0,0,24,1,1,0
38,1,15,2,0,0,0,24,1,1,0
96,1,13,18,0,0,0,24,1,1,0
145,1,13,16,0,0,0,24,1,1,0
77,1,18,10,0,0,0,24,1,1,0
34,1,20,4,0,0,0,24,1,1,0
59,1,14,4,0,0,0,24,1,1,0
150,1,13,13,0,0,0,24,1,1,0
67,1,11,5,0,0,0,24,1,1,0
92,1,17,3,0,0,0,24,1,1,0
119,1,8,13,0,0,0,24,1,1,0
45,1,16,13,0,0,0,24,1,1,0
84,1,16,15,0,0,0,24,1,1,0
54,1,19,8,0,0,0,24,1,1,0
75,1,17,13,0,0,0,24,1,1,0
56,1,20,14,0,0,0,24,1,1,0
58,1,12,20,0,0,0,24,1,1,0
122,1,12,13,0,0,0,24,1,1,0
84,1,14,2,0,0,0,24,1,1,0
42,1,20,1,0,0,0,24,1,1,0
119,1,20,10,0,0,0,24,1,1,0
144,1,9,19,0,0,0,24,1,1,0
75,1,17,11,0,0,0,24,1,1,0
36,1,18,12,0,0,0,24,1,1,0
9,1,11,10,0,0,0,24,1,1,0
68,1,10,20,0,0,0,24,1,1,0
65,1,9,6,0,0,0,24,1,1,0
53,1,8,6,0,0,0,24,1,1,0
32,1,11,5,0,0,0,24,1,1,0
77,1,18,9,0,0,0,24,1,1,0
51,1,20,12,0,0,0,24,1,1,0
39,1,14,18,0,0,0,24,1,1,0
40,1,13,12,0,0,0,24,1,1,0
61,1,19,5,0,0,0,24,1,1,0
6,1,17,5,0,0,0,24,1,1,0
38,1,18,10,0,0,0,24,1,1,0
79,1,17,17,0,0,0,24,1,1,0
146,1,18,20,0,0,0,24,1,1,0
101,1,13,12,0,0,0,24,1,1,0
111,1,10,2,0,0,0,24,1,1,0
27,1,11,15,0,0,0,24,1,1,0
147,1,9,15,0,0,0,24,1,1,0
23,1,17,1,0,0,0,24,1,1,0
63,1,9,14,0,0,0,24,1,1,0
125,1,13,20,0,0,0,24,1,1,0
144,1,15,4,0,0,0,24,1,1,0
125,1,9,6,0,0,0,24,1,1,0
148,1,16,15,0,0,0,24,1,1,0
91,1,13,7,0,0,0,24,1,1,0
25,1,13,3,0,0,0,24,1,1,0
103,1,10,1,0,0,0,24,1,1,0
83,1,13,7,0,0,0,24,1,1,0
32,1,19,7,0,0,0,24,1,1,0
110,1,9,11,0,0,0,24,1,1,0
80,1,20,17,0,0,0,24,1,1,0
25,1,19,20,0,0,0,24,1,1,0
39,1,12,11,0,0,0,24,1,1,0
128,1,20,12,0,0,0,24,1,1,0
14,1,19,19,0,0,0,24,1,1,0
35,1,20,19,0,0,0,24,1,1,0
125,1,16,6,0,0,0,24,1,1,0
137,1,12,2,0,0,0,24,1,1,0
114,1,19,8,0,0,0,24,1,1,0
90,1,17,17,0,0,0,24,1,1,0
148,1,18,7,0,0,0,24,1,1,0
66,1,10,14,0,0,0,24,1,1,0
59,1,9,11,0,0,0,24,1,1,0
126,1,15,8,0,0,0,24,1,1,0
67,1,12,2,0,0,0,24,1,1,0
124,1,17,13,0,0,0,24,1,1,0
67,1,14,18,0,0,0,24,1,1,0
54,1,14,14,0,0,0,24,1,1,0
51,1,9,13,0,0,0,24,1,1,0
125,1,18,9,0,0,0,24,1,1,0
28,1,16,9,0,0,0,24,1,1,0
134,1,19,8,0,0,0,24,1,1,0
55,1,18,7,0,0,0,24,1,1,0
70,1,16,8,0,0,0,24,1,1,0
102,1,19,2,0,0,0,24,1,1,0
112,1,15,1,0,0,0,24,1,1,0
58,1,14,12,0,0,0,24,1,1,0
82,1,10,5,0,0,0,24,1,1,0
39,1,8,8,0,0,0,24,1,1,0
49,1,17,19,0,0,0,24,1,1,0
72,1,8,5,0,0,0,24,1,1,0
64,1,11,7,0,0,0,24,1,1,0
94,1,12,7,0,0,0,24,1,1,0
97,1,9,13,0,0,0,24,1,1,0
132,1,20,19,0,0,0,24,1,1,0
109,1,16,1,0,0,0,24,1,1,0
56,1,20,3,0,0,0,24,1,1,0
42,1,10,9,0,0,0,24,1,1,0
108,1,13,15,0,0,0,24,1,1,0
91,1,17,3,0,0,0,24,1,1,0
94,1,10,17,0,0,0,24,1,1,0
15,1,14,19,0,0,0,24,1,1,0
40,1,16,16,0,0,0,24,1,1,0
142,1,8,5,0,0,0,24,1,1,0
66,1,16,7,0,0,0,24,1,1,0
124,1,19,8,0,0,0,24,1,1,0
89,1,15,10,0,0,0,24,1,1,0
109,1,19,9,0,0,0,24,1,1,0
136,1,8,18,0,0,0,24,1,1,0
140,1,16,16,0,0,0,24,1,1,0
77,1,18,4,0,0,0,24,1,1,0
12,1,16,12,0,0,0,24,1,1,0
13,1,15,8,0,0,0,24,1,1,0
103,1,9,11,0,0,0,24,1,1,0
10,1,12,8,0,0,0,24,1,1,0
103,1,13,16,0,0,0,24,1,1,0
108,1,20,10,0,0,0,24,1,1,0
7,1,17,16,0,0,0,24,1,1,0
139,1,16,17,0,0,0,24,1,1,0
58,1,9,10,0,0,0,24,1,1,0
142,1,9,15,0,0,0,24,1,1,0
114,1,17,7,0,0,0,24,1,1,0
63,1,20,7,0,0,0,24,1,1,0
144,1,8,18,0,0,0,24,1,1,0
113,1,13,15,0,0,0,24,1,1,0
27,1,9,13,0,0,0,24,1,1,0
10,1,8,7,0,0,0,24,1,1,0
30,1,19,7,0,0,0,24,1,1,0
50,1,11,7,0,0,0,24,1,1,0
141,1,15,13,0,0,0,24,1,1,0
108,1,11,18,0,0,0,24,1,1,0
10,1,9,15,0,0,0,24,1,1,0
150,1,10,3,0,0,0,24,1,1,0
53,1,15,15,0,0,0,24,1,1,0
13,1,20,18,0,0,0,24,1,1,0
103,1,12,20,0,0,0,24,1,1,0
45,1,14,2,0,0,0,24,1,1,0
85,1,17,16,0,0,0,24,1,1,0
135,1,20,17,0,0,0,24,1,1,0
30,1,8,12,0,0,0,24,1,1,0
90,1,8,8,0,0,0,24,1,1,0
33,1,9,18,0,0,0,24,1,1,0
93,1,10,5,0,0,0,24,1,1,0
7,1,14,4,0,0,0,24,1,1,0
116,1,16,16,0,0,0,24,1,1,0
23,1,13,11,0,0,0,24,1,1,0
146,1,10,17,0,0,0,24,1,1,0
14,1,19,12,0,0,0,24,1,1,0
74,1,12,4,0,0,0,24,1,1,0
27,1,11,13,0,0,0,24,1,1,0
49,1,9,5,0,0,0,24,1,1,0
62,1,14,5,0,0,0,24,1,1,0
122,1,20,5,0,0,0,24,1,1,0
71,1,20,13,0,0,0,24,1,1,0
29,1,15,1,0,0,0,24,1,1,0
145,1,13,17,0,0,0,24,1,1,0
21,1,8,1,0,0,0,24,1,1,0
93,1,15,7,0,0,0,24,1,1,0
120,1,18,11,0,0,0,24,1,1,0
137,1,20,2,0,0,0,24,1,1,0
139,1,19,8,0,0,0,24,1,1,0
124,1,19,7,0,0,0,24,1,1,0
29,1,10,5,0,0,0,24,1,1,0
62,1,16,5,0,0,0,24,1,1,0
117,1,15,13,0,0,0,24,1,1,0
96,1,10,7,0,0,0,24,1,1,0
99,1,11,20,0,0,0,24,1,1,0
82,1,19,7,0,0,0,24,1,1,0
68,1,19,2,0,0,0,24,1,1,0
15,1,16,10,0,0,0,24,1,1,0
116,1,11,12,0,0,0,24,1,1,0
135,1,12,18,0,0,0,24,1,1,0
42,1,10,6,0,0,0,24,1,1,0
26,1,14,1,0,0,0,24,1,1,0
142,1,16,8,0,0,0,24,1,1,0
87,1,16,5,0,0,0,24,1,1,0
132,1,12,8,0,0,0,24,1,1,0
71,1,19,5,0,0,0,24,1,1,0
95,1,19,13,0,0,0,24,1,1,0
138,1,13,10,0,0,0,24,1,1,0
95,1,13,12,0,0,0,24,1,1,0
22,1,13,6,0,0,0,24,1,1,0
131,1,16,13,0,0,0,24,1,1,0
130,1,10,3,0,0,0,24,1,1,0
110,1,11,15,0,0,0,24,1,1,0
109,1,17,9,0,0,0,24,1,1,0
79,1,10,12,0,0,0,24,1,1,0
137,1,13,17,0,0,0,24,1,1,0
127,1,20,18,0,0,0,24,1,1,0
94,1,12,12,0,0,0,24,1,1,0
84,1,16,17,0,0,0,24,1,1,0
5,1,11,19,0,0,0,24,1,1,0
43,1,12,7,0,0,0,24,1,1,0
91,1,17,13,0,0,0,24,1,1,0
36,1,15,7,0,0,0,24,1,1,0
76,1,9,18,0,0,0,24,1,1,0
54,1,13,11,0,0,0,24,1,1,0
119,1,15,20,0,0,0,24,1,1,0
132,1,10,18,0,0,0,24,1,1,0
14,1,14,5,0,0,0,24,1,1,0
104,1,13,2,0,0,0,24,1,1,0
43,1,9,13,0,0,0,24,1,1,0
71,1,19,16,0,0,0,24,1,1,0
67,1,17,9,0,0,0,24,1,1,0
112,1,18,5,0,0,0,24,1,1,0
119,1,17,5,0,0,0,24,1,1,0
100,1,11,15,0,0,0,24,1,1,0
7,1,20,14,0,0,0,24,1,1,0
116,1,19,4,0,0,0,24,1,1,0
17,1,12,4,0,0,0,24,1,1,0
18,1,14,15,0,0,0,24,1,1,0
53,1,14,18,0,0,0,24,1,1,0
149,1,11,18,0,0,0,24,1,1,0
136,1,9,7,0,0,0,24,1,1,0
72,1,9,10,0,0,0,24,1,1,0
14,1,17,12,0,0,0,24,1,1,0
143,1,17,19,0,0,0,24,1,1,0
35,1,8,1,0,0,0,24,1,1,0
98,1,19,7,0,0,0,24,1,1,0
150,1,11,1,0,0,0,24,1,1,0
54,1,8,1,0,0,0,24,1,1,0
17,1,18,10,0,0,0,24,1,1,0
39,1,8,12,0,0,0,24,1,1,0
114,1,8,19,0,0,0,24,1,1,0
15,1,14,1,0,0,0,24,1,1,0
97,1,12,5,0,0,0,24,1,1,0
22,1,8,6,0,0,0,24,1,1,0
72,1,20,20,0,0,0,24,1,1,0
83,1,19,2,0,0,0,24,1,1,0
119,1,11,9,0,0,0,24,1,1,0
88,1,9,18,0,0,0,24,1,1,0
87,1,17,8,0,0,0,24,1,1,0
9,1,14,9,0,0,0,24,1,1,0
54,1,15,14,0,0,0,24,1,1,0
114,1,9,19,0,0,0,24,1,1,0
64,1,9,8,0,0,0,24,1,1,0
96,1,13,20,0,0,0,24,1,1,0
108,1,19,9,0,0,0,24,1,1,0
73,1,17,16,0,0,0,24,1,1,0
74,1,13,9,0,0,0,24,1,1,0
14,1,20,5,0,0,0,24,1,1,0
115,1,15,6,0,0,0,24,1,1,0
56,1,11,14,0,0,0,24,1,1,0
118,1,15,20,0,0,0,24,1,1,0
150,1,17,6,0,0,0,24,1,1,0
29,1,16,8,0,0,0,24,1,1,0
71,1,13,14,0,0,0,24,1,1,0
94,1,9,3,0,0,0,24,1,1,0
30,1,17,1,0,0,0,24,1,1,0
121,1,9,13,0,0,0,24,1,1,0
86,1,11,8,0,0,0,24,1,1,0
30,1,18,4,0,0,0,24,1,1,0
102,1,17,19,0,0,0,24,1,1,0
59,1,9,19,0,0,0,24,1,1,0
61,1,10,1,0,0,0,24,1,1,0
86,1,16,5,0,0,0,24,1,1,0
30,1,9,3,0,0,0,24,1,1,0
105,1,10,8,0,0,0,24,1,1,0
11,1,17,18,0,0,0,24,1,1,0
148,1,19,17,0,0,0,24,1,1,0
11,1,10,18,0,0,0,24,1,1,0
121,1,8,14,0,0,0,24,1,1,0
77,1,12,11,0,0,0,24,1,1,0
97,1,16,7,0,0,0,24,1,1,0
48,1,15,11,0,0,0,24,1,1,0
146,1,10,2,0,0,0,24,1,1,0
56,1,11,18,0,0,0,24,1,1,0
89,1,15,13,0,0,0,24,1,1,0
87,1,12,7,0,0,0,24,1,1,0
139,1,15,20,0,0,0,24,1,1,0
9,1,12,11,0,0,0,24,1,1,0
147,1,19,5,0,0,0,24,1,1,0
132,1,11,11,0,0,0,24,1,1,0
32,1,15,14,0,0,0,24,1,1,0
117,1,11,19,0,0,0,24,1,1,0
30,1,17,16,0,0,0,24,1,1,0
55,1,19,10,0,0,0,24,1,1,0
18,1,17,17,0,0,0,24,1,1,0
24,1,14,12,0,0,0,24,1,1,0
75,1,15,12,0,0,0,24,1,1,0
125,1,8,5,0,0,0,24,1,1,0
117,1,13,5,0,0,0,24,1,1,0
66,1,19,10,0,0,0,24,1,1,0
111,1,10,3,0,0,0,24,1,1,0
106,1,14,13,0,0,0,24,1,1,0
15,1,16,9,0,0,0,24,1,1,0
42,1,10,1,0,0,0,24,1,1,0
40,1,14,2,0,0,0,24,1,1,0
105,1,13,18,0,0,0,24,1,1,0
26,1,16,7,0,0,0,24,1,1,0
116,1,16,4,0,0,0,24,1,1,0
125,1,16,3,0,0,0,24,1,1,0
43,1,20,4,0,0,0,24,1,1,0
102,1,17,19,0,0,0,24,1,1,0
82,1,8,5,0,0,0,24,1,1,0
54,1,8,17,0,0,0,24,1,1,0
140,1,19,12,0,0,0,24,1,1,0
71,1,8,1,0,0,0,24,1,1,0
142,1,10,1,0,0,0,24,1,1,0
45,1,9,19,0,0,0,24,1,1,0
72,1,18,19,0,0,0,24,1,1,0
20,1,19,16,0,0,0,24,1,1,0
5,1,9,2,0,0,0,24,1,1,0
135,1,14,2,0,0,0,24,1,1,0
128,1,20,8,0,0,0,24,1,1,0
81,1,18,19,0,0,0,24,1,1,0
123,1,19,15,0,0,0,24,1,1,0
42,1,14,5,0,0,0,24,1,1,0
87,1,12,3,0,0,0,24,1,1,0
28,1,18,2,0,0,0,24,1,1,0
42,1,11,11,0,0,0,24,1,1,0
146,1,13,8,0,0,0,24,1,1,0
14,1,14,4,0,0,0,24,1,1,0
75,1,18,19,0,0,0,24,1,1,0
87,1,12,12,0,0,0,24,1,1,0
76,1,11,14,0,0,0,24,1,1,0
136,1,9,12,0,0,0,24,1,1,0
29,1,16,10,0,0,0,24,1,1,0
84,1,12,20,0,0,0,24,1,1,0
120,1,17,8,0,0,0,24,1,1,0
133,1,18,6,0,0,0,24,1,1,0
128,1,15,8,0,0,0,24,1,1,0
71,1,10,3,0,0,0,24,1,1,0
113,1,11,6,0,0,0,24,1,1,0
107,1,11,1,0,0,0,24,1,1,0
126,1,13,10,0,0,0,24,1,1,0
145,1,16,9,0,0,0,24,1,1,0
42,1,11,10,0,0,0,24,1,1,0
57,1,15,17,0,0,0,24,1,1,0
23,1,14,9,0,0,0,24,1,1,0
40,1,8,20,0,0,0,24,1,1,0
92,1,15,6,0,0,0,24,1,1,0
138,1,13,5,0,0,0,24,1,1,0
96,1,19,18,0,0,0,24,1,1,0
134,1,20,19,0,0,0,24,1,1,0
54,1,16,8,0,0,0,24,1,1,0
113,1,14,12,0,0,0,24,1,1,0
150,1,18,4,0,0,0,24,1,1,0
117,1,12,20,0,0,0,24,1,1,0
147,1,11,12,0,0,0,24,1,1,0
90,1,9,2,0,0,0,24,1,1,0
38,1,19,10,0,0,0,24,1,1,0
74,1,10,20,0,0,0,24,1,1,0
75,1,19,7,0,0,0,24,1,1,0
137,1,9,5,0,0,0,24,1,1,0
13,1,19,14,0,0,0,24,1,1,0
44,1,18,5,0,0,0,24,1,1,0
79,1,14,14,0,0,0,24,1,1,0
124,1,12,18,0,0,0,24,1,1,0
17,1,17,14,0,0,0,24,1,1,0
13,1,9,13,0,0,0,24,1,1,0
129,1,20,2,0,0,0,24,1,1,0
112,1,10,18,0,0,0,24,1,1,0
67,1,16,12,0,0,0,24,1,1,0
145,1,11,7,0,0,0,24,1,1,0
149,1,18,13,0,0,0,24,1,1,0
79,1,18,6,0,0,0,24,1,1,0
92,1,11,7,0,0,0,24,1,1,0
99,1,14,1,0,0,0,24,1,1,0
100,1,11,10,0,0,0,24,1,1,0
140,1,18,14,0,0,0,24,1,1,0
95,1,15,7,0,0,0,24,1,1,0
123,1,9,15,0,0,0,24,1,1,0
11,1,16,16,0,0,0,24,1,1,0
76,1,10,16,0,0,0,24,1,1,0
75,1,15,1,0,0,0,24,1,1,0
116,1,20,19,0,0,0,24,1,1,0
97,1,19,13,0,0,0,24,1,1,0
86,1,10,15,0,0,0,24,1,1,0
25,1,13,15,0,0,0,24,1,1,0
84,1,13,14,0,0,0,24,1,1,0
100,1,15,2,0,0,0,24,1,1,0
107,1,8,11,0,0,0,24,1,1,0
72,1,14,8,0,0,0,24,1,1,0
68,1,11,3,0,0,0,24,1,1,0
70,1,18,17,0,0,0,24,1,1,0
103,1,12,2,0,0,0,24,1,1,0
115,1,14,18,0,0,0,24,1,1,0
39,1,17,15,0,0,0,24,1,1,0
70,1,20,1,0,0,0,24,1,1,0
134,1,11,2,0,0,0,24,1,1,0
73,1,12,20,0,0,0,24,1,1,0
47,1,15,20,0,0,0,24,1,1,0
29,1,10,3,0,0,0,24,1,1,0
75,1,16,1,0,0,0,24,1,1,0
55,1,13,10,0,0,0,24,1,1,0
111,1,20,4,0,0,0,24,1,1,0
80,1,17,16,0,0,0,24,1,1,0
104,1,11,7,0,0,0,24,1,1,0
48,1,9,13,0,0,0,24,1,1,0
121,1,10,13,0,0,0,24,1,1,0
64,1,10,5,0,0,0,24,1,1,0
124,1,19,11,0,0,0,24,1,1,0
80,1,11,5,0,0,0,24,1,1,0
146,1,11,15,0,0,0,24,1,1,0
11,1,17,18,0,0,0,24,1,1,0
98,1,8,18,0,0,0,24,1,1,0
22,1,9,17,0,0,0,24,1,1,0
40,1,19,7,0,0,0,24,1,1,0
22,1,10,12,0,0,0,24,1,1,0
114,1,8,7,0,0,0,24,1,1,0
137,1,10,20,0,0,0,24,1,1,0
102,1,8,20,0,0,0,24,1,1,0
49,1,20,17,0,0,0,24,1,1,0
62,1,14,5,0,0,0,24,1,1,0
92,1,9,13,0,0,0,24,1,1,0
52,1,17,3,0,0,0,24,1,1,0
53,1,18,10,0,0,0,24,1,1,0
47,1,15,3,0,0,0,24,1,1,0
85,1,15,9,0,0,0,24,1,1,0
141,1,10,17,0,0,0,24,1,1,0
34,1,11,4,0,0,0,24,1,1,0
119,1,20,18,0,0,0,24,1,1,0
94,1,13,18,0,0,0,24,1,1,0
31,1,19,5,0,0,0,24,1,1,0
33,1,8,12,0,0,0,24,1,1,0
99,1,18,18,0,0,0,24,1,1,0
12,1,19,12,0,0,0,24,1,1,0
48,1,8,5,0,0,0,24,1,1,0
22,1,18,1,0,0,0,24,1,1,0
102,1,10,13,0,0,0,24,1,1,0
95,1,14,5,0,0,0,24,1,1,0
48,1,11,14,0,0,0,24,1,1,0
91,1,15,6,0,0,0,24,1,1,0
136,1,10,18,0,0,0,24,1,1,0
95,1,9,6,0,0,0,24,1,1,0
139,1,10,6,0,0,0,24,1,1,0
111,1,10,17,0,0,0,24,1,1,0
69,1,14,14,0,0,0,24,1,1,0
53,1,14,6,0,0,0,24,1,1,0
22,1,9,13,0,0,0,24,1,1,0
29,1,17,7,0,0,0,24,1,1,0
16,1,18,17,0,0,0,24,1,1,0
113,1,17,13,0,0,0,24,1,1,0
30,1,20,18,0,0,0,24,1,1,0
67,1,13,5,0,0,0,24,1,1,0
133,1,8,1,0,0,0,24,1,1,0
43,1,20,19,0,0,0,24,1,1,0
67,1,13,7,0,0,0,24,1,1,0
23,1,8,12,0,0,0,24,1,1,0
90,1,12,2,0,0,0,24,1,1,0
109,1,10,16,0,0,0,24,1,1,0
25,1,16,2,0,0,0,24,1,1,0
60,1,20,9,0,0,0,24,1,1,0
133,1,14,15,0,0,0,24,1,1,0
103,1,12,19,0,0,0,24,1,1,0
132,1,14,14,0,0,0,24,1,1,0
145,1,15,6,0,0,0,24,1,1,0
46,1,18,15,0,0,0,24,1,1,0
62,1,9,19,0,0,0,24,1,1,0
81,1,19,7,0,0,0,24,1,1,0
109,1,12,19,0,0,0,24,1,1,0
39,1,9,20,0,0,0,24,1,1,0
137,1,20,7,0,0,0,24,1,1,0
32,1,20,10,0,0,0,24,1,1,0
100,1,15,6,0,0,0,24,1,1,0
53,1,17,2,0,0,0,24,1,1,0
57,1,17,12,0,0,0,24,1,1,0
56,1,16,15,0,0,0,24,1,1,0
36,1,15,9,0,0,0,24,1,1,0
36,1,20,17,0,0,0,24,1,1,0
65,1,19,3,0,0,0,24,1,1,0
110,1,17,10,0,0,0,24,1,1,0
11,1,10,17,0,0,0,24,1,1,0
82,1,20,10,0,0,0,24,1,1,0
17,1,19,1,0,0,0,24,1,1,0
95,1,17,3,0,0,0,24,1,1,0
88,1,20,2,0,0,0,24,1,1,0
62,1,13,20,0,0,0,24,1,1,0
74,1,10,2,0,0,0,24,1,1,0
24,1,12,12,0,0,0,24,1,1,0
91,1,13,10,0,0,0,24,1,1,0
124,1,12,1,0,0,0,24,1,1,0
71,1,20,17,0,0,0,24,1,1,0
46,1,15,3,0,0,0,24,1,1,0
23,1,16,19,0,0,0,24,1,1,0
76,1,11,17,0,0,0,24,1,1,0
144,1,10,16,0,0,0,24,1,1,0
46,1,19,7,0,0,0,24,1,1,0
97,1,15,2,0,0,0,24,1,1,0
13,1,15,9,0,0,0,24,1,1,0
77,1,15,8,0,0,0,24,1,1,0
31,1,11,2,0,0,0,24,1,1,0
131,1,14,13,0,0,0,24,1,1,0
79,1,13,3,0,0,0,24,1,1,0
69,1,16,5,0,0,0,24,1,1,0
60,1,15,14,0,0,0,24,1,1,0
145,1,14,4,0,0,0,24,1,1,0
75,1,15,10,0,0,0,24,1,1,0
72,1,17,7,0,0,0,24,1,1,0
38,1,13,3,0,0,0,24,1,1,0
61,1,9,5,0,0,0,24,1,1,0
147,1,9,7,0,0,0,24,1,1,0
147,1,18,1,0,0,0,24,1,1,0
34,1,13,11,0,0,0,24,1,1,0
18,1,19,12,0,0,0,24,1,1,0
150,1,15,7,0,0,0,24,1,1,0
26,1,14,6,0,0,0,24,1,1,0
30,1,17,3,0,0,0,24,1,1,0
121,1,16,4,0,0,0,24,1,1,0
31,1,15,4,0,0,0,24,1,1,0
139,1,20,7,0,0,0,24,1,1,0
22,1,10,7,0,0,0,24,1,1,0
46,1,13,14,0,0,0,24,1,1,0
22,1,18,5,0,0,0,24,1,1,0
99,1,14,14,0,0,0,24,1,1,0
103,1,16,2,0,0,0,24,1,1,0
62,1,17,20,0,0,0,24,1,1,0
146,1,9,11,0,0,0,24,1,1,0
40,1,10,8,0,0,0,24,1,1,0
73,1,15,8,0,0,0,24,1,1,0
109,1,9,8,0,0,0,24,1,1,0
28,1,13,16,0,0,0,24,1,1,0
102,1,12,5,0,0,0,24,1,1,0
28,1,9,19,0,0,0,24,1,1,0
24,1,19,14,0,0,0,24,1,1,0
135,1,17,3,0,0,0,24,1,1,0
94,1,8,16,0,0,0,24,1,1,0
128,1,18,1,0,0,0,24,1,1,0
60,1,9,10,0,0,0,24,1,1,0
14,1,20,15,0,0,0,24,1,1,0
32,1,14,8,0,0,0,24,1,1,0
28,1,17,16,0,0,0,24,1,1,0
146,1,12,4,0,0,0,24,1,1,0
106,1,20,17,0,0,0,24,1,1,0
69,1,14,11,0,0,0,24,1,1,0
118,1,16,13,0,0,0,24,1,1,0
96,1,15,16,0,0,0,24,1,1,0
73,1,19,4,0,0,0,24,1,1,0
33,1,10,5,0,0,0,24,1,1,0
65,1,15,2,0,0,0,24,1,1,0
76,1,19,7,0,0,0,24,1,1,0
134,1,8,4,0,0,0,24,1,1,0
75,1,10,19,0,0,0,24,1,1,0
129,1,15,8,0,0,0,24,1,1,0
17,1,14,3,0,0,0,24,1,1,0
143,1,15,8,0,0,0,24,1,1,0
85,1,14,15,0,0,0,24,1,1,0
11,1,9,15,0,0,0,24,1,1,0
130,1,8,5,0,0,0,24,1,1,0
30,1,8,4,0,0,0,24,1,1,0
53,1,12,2,0,0,0,24,1,1,0
147,1,19,11,0,0,0,24,1,1,0
147,1,10,13,0,0,0,24,1,1,0
149,1,16,9,0,0,0,24,1,1,0
128,1,9,8,0,0,0,24,1,1,0
14,1,13,10,0,0,0,24,1,1,0
25,1,19,19,0,0,0,24,1,1,0
143,1,20,7,0,0,0,24,1,1,0
134,1,8,9,0,0,0,24,1,1,0
120,1,20,9,0,0,0,24,1,1,0
102,1,16,7,0,0,0,24,1,1,0
65,1,19,10,0,0,0,24,1,1,0
129,1,19,1,0,0,0,24,1,1,0
124,1,12,17,0,0,0,24,1,1,0
43,1,9,18,0,0,0,24,1,1,0
84,1,14,1,0,0,0,24,1,1,0
83,1,16,16,0,0,0,24,1,1,0
78,1,13,15,0,0,0,24,1,1,0
93,1,12,1,0,0,0,24,1,1,0
8,1,15,6,0,0,0,24,1,1,0
19,1,18,11,0,0,0,24,1,1,0
85,1,19,9,0,0,0,24,1,1,0
123,1,11,4,0,0,0,24,1,1,0
122,1,12,6,0,0,0,24,1,1,0
70,1,8,5,0,0,0,24,1,1,0
76,1,15,19,0,0,0,24,1,1,0
72,1,8,5,0,0,0,24,1,1,0
110,1,15,13,0,0,0,24,1,1,0
9,1,14,5,0,0,0,24,1,1,0
116,1,9,9,0,0,0,24,1,1,0
51,1,11,9,0,0,0,24,1,1,0
141,1,12,20,0,0,0,24,1,1,0
73,1,17,6,0,0,0,24,1,1,0
40,1,15,9,0,0,0,24,1,1,0
69,1,16,11,0,0,0,24,1,1,0
106,1,8,18,0,0,0,24,1,1,0
112,1,19,16,0,0,0,24,1,1,0
92,1,20,11,0,0,0,24,1,1,0
115,1,10,19,0,0,0,24,1,1,0
63,1,18,1,0,0,0,24,1,1,0
145,1,19,12,0,0,0,24,1,1,0
145,1,19,7,0,0,0,24,1,1,0
118,1,16,15,0,0,0,24,1,1,0
115,1,13,12,0,0,0,24,1,1,0
109,1,11,18,0,0,0,24,1,1,0
74,1,13,20,0,0,0,24,1,1,0
76,1,20,19,0,0,0,24,1,1,0
38,1,15,9,0,0,0,24,1,1,0
48,1,16,5,0,0,0,24,1,1,0
53,1,19,10,0,0,0,24,1,1,0
139,1,15,10,0,0,0,24,1,1,0
28,1,12,2,0,0,0,24,1,1,0
89,1,14,20,0,0,0,24,1,1,0
149,1,19,17,0,0,0,24,1,1,0
83,1,11,3,0,0,0,24,1,1,0
33,1,16,6,0,0,0,24,1,1,0
19,1,20,18,0,0,0,24,1,1,0
19,1,18,5,0,0,0,24,1,1,0
67,1,14,20,0,0,0,24,1,1,0
73,1,18,13,0,0,0,24,1,1,0
53,1,14,10,0,0,0,24,1,1,0
87,1,19,20,0,0,0,24,1,1,0
70,1,9,15,0,0,0,24,1,1,0
127,1,16,3,0,0,0,24,1,1,0
149,1,11,5,0,0,0,24,1,1,0
11,1,17,15,0,0,0,24,1,1,0
82,1,17,8,0,0,0,24,1,1,0
16,1,13,9,0,0,0,24,1,1,0
147,1,17,8,0,0,0,24,1,1,0
47,1,16,14,0,0,0,24,1,1,0
19,1,11,2,0,0,0,24,1,1,0
142,1,11,3,0,0,0,24,1,1,0
49,1,17,8,0,0,0,24,1,1,0
50,1,9,19,0,0,0,24,1,1,0
78,1,20,13,0,0,0,24,1,1,0
126,1,14,3,0,0,0,24,1,1,0
119,1,19,1,0,0,0,24,1,1,0
22,1,19,17,0,0,0,24,1,1,0
68,1,18,10,0,0,0,24,1,1,0
25,1,11,20,0,0,0,24,1,1,0
89,1,19,4,0,0,0,24,1,1,0
109,1,12,4,0,0,0,24,1,1,0
22,1,20,1,0,0,0,24,1,1,0
15,1,9,9,0,0,0,24,1,1,0
71,1,17,19,0,0,0,24,1,1,0
108,1,13,15,0,0,0,24,1,1,0
94,1,8,19,0,0,0,24,1,1,0
65,1,15,12,0,0,0,24,1,1,0
36,1,13,12,0,0,0,24,1,1,0
97,1,14,7,0,0,0,24,1,1,0
61,1,9,16,0,0,0,24,1,1,0
46,1,18,8,0,0,0,24,1,1,0
79,1,11,10,0,0,0,24,1,1,0
15,1,9,7,0,0,0,24,1,1,0
27,1,15,10,0,0,0,24,1,1,0
115,1,8,20,0,0,0,24,1,1,0
73,1,18,17,0,0,0,24,1,1,0
107,1,16,9,0,0,0,24,1,1,0
95,1,9,4,0,0,0,24,1,1,0
47,1,9,12,0,0,0,24,1,1,0
61,1,8,17,0,0,0,24,1,1,0
28,1,8,13,0,0,0,24,1,1,0
142,1,17,4,0,0,0,24,1,1,0
109,1,17,12,0,0,0,24,1,1,0
51,1,19,3,0,0,0,24,1,1,0
67,1,20,4,0,0,0,24,1,1,0
30,1,18,11,0,0,0,24,1,1,0
23,1,20,8,0,0,0,24,1,1,0
74,1,16,13,0,0,0,24,1,1,0
146,1,8,2,0,0,0,24,1,1,0
92,1,9,20,0,0,0,24,1,1,0
97,1,9,18,0,0,0,24,1,1,0
70,1,18,1,0,0,0,24,1,1,0
53,1,19,17,0,0,0,24,1,1,0
82,1,19,20,0,0,0,24,1,1,0
19,1,9,15,0,0,0,24,1,1,0
56,1,17,12,0,0,0,24,1,1,0
39,1,13,2,0,0,0,24,1,1,0
117,1,12,17,0,0,0,24,1,1,0
13,1,16,3,0,0,0,24,1,1,0
115,1,8,9,0,0,0,24,1,1,0
13,1,16,5,0,0,0,24,1,1,0
147,1,14,1,0,0,0,24,1,1,0
60,1,12,8,0,0,0,24,1,1,0
125,1,20,7,0,0,0,24,1,1,0
113,1,18,17,0,0,0,24,1,1,0
71,1,9,9,0,0,0,24,1,1,0
95,1,16,8,0,0,0,24,1,1,0
38,1,16,20,0,0,0,24,1,1,0
79,1,12,11,0,0,0,24,1,1,0
39,1,8,2,0,0,0,24,1,1,0
133,1,16,20,0,0,0,24,1,1,0
9,1,8,4,0,0,0,24,1,1,0
143,1,20,15,0,0,0,24,1,1,0
94,1,18,12,0,0,0,24,1,1,0
149,1,19,7,0,0,0,24,1,1,0
111,1,20,10,0,0,0,24,1,1,0
77,1,9,16,0,0,0,24,1,1,0
26,1,19,9,0,0,0,24,1,1,0
45,1,8,13,0,0,0,24,1,1,0
12,1,12,13,0,0,0,24,1,1,0
137,1,11,3,0,0,0,24,1,1,0
82,1,18,13,0,0,0,24,1,1,0
50,1,9,20,0,0,0,24,1,1,0
97,1,17,17,0,0,0,24,1,1,0
66,1,18,18,0,0,0,24,1,1,0
8,1,17,17,0,0,0,24,1,1,0
109,1,20,8,0,0,0,24,1,1,0
31,1,19,8,0,0,0,24,1,1,0
150,1,16,2,0,0,0,24,1,1,0
49,1,19,18,0,0,0,24,1,1,0
69,1,17,7,0,0,0,24,1,1,0
32,1,13,10,0,0,0,24,1,1,0
83,1,10,18,0,0,0,24,1,1,0
36,1,16,8,0,0,0,24,1,1,0
108,1,14,2,0,0,0,24,1,1,0
45,1,8,7,0,0,0,24,1,1,0
31,1,18,5,0,0,0,24,1,1,0
127,1,15,19,0,0,0,24,1,1,0
43,1,19,14,0,0,0,24,1,1,0
79,1,9,10,0,0,0,24,1,1,0
79,1,16,17,0,0,0,24,1,1,0
141,1,16,19,0,0,0,24,1,1,0
6,1,9,18,0,0,0,24,1,1,0
11,1,13,20,0,0,0,24,1,1,0
137,1,18,5,0,0,0,24,1,1,0
62,1,16,13,0,0,0,24,1,1,0
124,1,14,10,0,0,0,24,1,1,0
113,1,8,12,0,0,0,24,1,1,0
93,1,19,17,0,0,0,24,1,1,0
67,1,17,12,0,0,0,24,1,1,0
72,1,9,10,0,0,0,24,1,1,0
108,1,17,17,0,0,0,24,1,1,0
64,1,11,19,0,0,0,24,1,1,0
137,1,11,14,0,0,0,24,1,1,0
36,1,8,20,0,0,0,24,1,1,0
56,1,20,9,0,0,0,24,1,1,0
119,1,8,13,0,0,0,24,1,1,0
32,1,12,15,0,0,0,24,1,1,0
6,1,19,7,0,0,0,24,1,1,0
146,1,10,4,0,0,0,24,1,1,0
74,1,8,12,0,0,0,24,1,1,0
12,1,19,4,0,0,0,24,1,1,0
115,1,17,1,0,0,0,24,1,1,0
34,1,10,18,0,0,0,24,1,1,0
35,1,18,2,0,0,0,24,1,1,0
129,1,11,13,0,0,0,24,1,1,0
18,1,11,14,0,0,0,24,1,1,0
27,1,12,11,0,0,0,24,1,1,0
11,1,14,4,0,0,0,24,1,1,0
90,1,12,9,0,0,0,24,1,1,0
112,1,15,15,0,0,0,24,1,1,0
149,1,17,8,0,0,0,24,1,1,0
115,1,15,18,0,0,0,24,1,1,0
47,1,9,11,0,0,0,24,1,1,0
118,1,12,20,0,0,0,24,1,1,0
106,1,13,3,0,0,0,24,1,1,0
68,1,15,8,0,0,0,24,1,1,0
95,1,13,15,0,0,0,24,1,1,0
58,1,15,7,0,0,0,24,1,1,0
22,1,14,18,0,0,0,24,1,1,0
149,1,20,9,0,0,0,24,1,1,0
57,1,16,2,0,0,0,24,1,1,0
33,1,13,18,0,0,0,24,1,1,0
55,1,20,5,0,0,0,24,1,1,0
148,1,18,13,0,0,0,24,1,1,0
68,1,19,15,0,0,0,24,1,1,0
74,1,17,4,0,0,0,24,1,1,0
40,1,12,16,0,0,0,24,1,1,0
51,1,8,3,0,0,0,24,1,1,0
115,1,14,2,0,0,0,24,1,1,0
12,1,8,12,0,0,0,24,1,1,0
89,1,19,7,0,0,0,24,1,1,0
37,1,12,14,0,0,0,24,1,1,0
6,1,14,13,0,0,0,24,1,1,0
148,1,17,17,0,0,0,24,1,1,0
145,1,18,18,0,0,0,24,1,1,0
12,1,12,1,0,0,0,24,1,1,0
128,1,9,6,0,0,0,24,1,1,0
31,1,12,19,0,0,0,24,1,1,0
128,1,20,19,0,0,0,24,1,1,0
46,1,10,13,0,0,0,24,1,1,0
80,1,8,16,0,0,0,24,1,1,0
39,1,20,5,0,0,0,24,1,1,0
90,1,11,9,0,0,0,24,1,1,0
111,1,19,1,0,0,0,24,1,1,0
71,1,17,3,0,0,0,24,1,1,0
81,1,18,19,0,0,0,24,1,1,0
135,1,11,4,0,0,0,24,1,1,0
102,1,16,3,0,0,0,24,1,1,0
90,1,9,6,0,0,0,24,1,1,0
54,1,20,10,0,0,0,24,1,1,0
92,1,19,9,0,0,0,24,1,1,0
126,1,10,1,0,0,0,24,1,1,0
22,1,15,18,0,0,0,24,1,1,0
124,1,13,5,0,0,0,24,1,1,0
40,1,12,18,0,0,0,24,1,1,0
59,1,20,3,0,0,0,24,1,1,0
98,1,12,12,0,0,0,24,1,1,0
137,1,14,20,0,0,0,24,1,1,0
60,1,10,8,0,0,0,24,1,1,0
6,1,12,17,0,0,0,24,1,1,0
26,1,16,9,0,0,0,24,1,1,0
90,1,9,19,0,0,0,24,1,1,0
48,1,14,1,0,0,0,24,1,1,0
65,1,19,12,0,0,0,24,1,1,0
77,1,20,8,0,0,0,24,1,1,0
7,1,13,16,0,0,0,24,1,1,0
59,1,18,17,0,0,0,24,1,1,0
81,1,16,19,0,0,0,24,1,1,0
61,1,19,7,0,0,0,24,1,1,0
106,1,8,19,0,0,0,24,1,1,0
129,1,15,10,0,0,0,24,1,1,0
127,1,14,1,0,0,0,24,1,1,0
133,1,8,7,0,0,0,24,1,1,0
31,1,14,18,0,0,0,24,1,1,0
147,1,16,1,0,0,0,24,1,1,0
18,1,18,13,0,0,0,24,1,1,0
85,1,8,2,0,0,0,24,1,1,0
70,1,15,14,0,0,0,24,1,1,0
146,1,17,16,0,0,0,24,1,1,0
34,1,15,16,0,0,0,24,1,1,0
84,1,10,9,0,0,0,24,1,1,0
37,1,15,4,0,0,0,24,1,1,0
17,1,10,5,0,0,0,24,1,1,0
31,1,18,9,0,0,0,24,1,1,0
56,1,16,6,0,0,0,24,1,1,0
142,1,12,8,0,0,0,24,1,1,0
50,1,19,13,0,0,0,24,1,1,0
146,1,20,14,0,0,0,24,1,1,0
39,1,14,12,0,0,0,24,1,1,0
82,1,18,4,0,0,0,24,1,1,0
107,1,10,13,0,0,0,24,1,1,0
43,1,16,11,0,0,0,24,1,1,0
71,1,15,18,0,0,0,24,1,1,0
100,1,13,16,0,0,0,24,1,1,0
114,1,10,18,0,0,0,24,1,1,0
86,1,10,12,0,0,0,24,1,1,0
139,1,13,17,0,0,0,24,1,1,0
64,1,13,9,0,0,0,24,1,1,0
18,1,8,9,0,0,0,24,1,1,0
113,1,8,5,0,0,0,24,1,1,0
130,1,12,10,0,0,0,24,1,1,0
47,1,8,17,0,0,0,24,1,1,0
77,1,10,3,0,0,0,24,1,1,0
117,1,14,13,0,0,0,24,1,1,0
77,1,18,15,0,0,0,24,1,1,0
49,1,8,10,0,0,0,24,1,1,0
59,1,11,11,0,0,0,24,1,1,0
22,1,14,17,0,0,0,24,1,1,0
100,1,9,6,0,0,0,24,1,1,0
91,1,10,16,0,0,0,24,1,1,0
123,1,12,2,0,0,0,24,1,1,0
145,1,14,4,0,0,0,24,1,1,0
12,1,10,8,0,0,0,24,1,1,0
39,1,15,9,0,0,0,24,1,1,0
14,1,12,12,0,0,0,24,1,1,0
81,1,15,16,0,0,0,24,1,1,0
74,1,8,4,0,0,0,24,1,1,0
99,1,9,9,0,0,0,24,1,1,0
78,1,13,6,0,0,0,24,1,1,0
107,1,14,6,0,0,0,24,1,1,0
44,1,9,12,0,0,0,24,1,1,0
48,1,9,1,0,0,0,24,1,1,0
30,1,18,2,0,0,0,24,1,1,0
115,1,15,5,0,0,0,24,1,1,0
115,1,18,4,0,0,0,24,1,1,0
94,1,9,9,0,0,0,24,1,1,0
49,1,16,15,0,0,0,24,1,1,0
42,1,16,8,0,0,0,24,1,1,0
29,1,11,12,0,0,0,24,1,1,0
117,1,20,15,0,0,0,24,1,1,0
116,1,18,9,0,0,0,24,1,1,0
6,1,10,10,0,0,0,24,1,1,0
134,1,9,15,0,0,0,24,1,1,0
21,1,9,16,0,0,0,24,1,1,0
130,1,18,5,0,0,0,24,1,1,0
71,1,10,15,0,0,0,24,1,1,0
12,1,16,17,0,0,0,24,1,1,0
121,1,11,18,0,0,0,24,1,1,0
28,1,14,2,0,0,0,24,1,1,0
33,1,12,14,0,0,0,24,1,1,0
63,1,20,8,0,0,0,24,1,1,0
106,1,15,17,0,0,0,24,1,1,0
45,1,8,1,0,0,0,24,1,1,0
24,1,17,17,0,0,0,24,1,1,0
27,1,11,9,0,0,0,24,1,1,0
48,1,20,17,0,0,0,24,1,1,0
114,1,12,16,0,0,0,24,1,1,0
128,1,12,20,0,0,0,24,1,1,0
82,1,18,14,0,0,0,24,1,1,0
27,1,15,1,0,0,0,24,1,1,0
94,1,14,3,0,0,0,24,1,1,0
129,1,11,20,0,0,0,24,1,1,0
17,1,19,2,0,0,0,24,1,1,0
7,1,10,18,0,0,0,24,1,1,0
87,1,18,13,0,0,0,24,1,1,0
59,1,11,6,0,0,0,24,1,1,0
108,1,20,14,0,0,0,24,1,1,0
149,1,17,20,0,0,0,24,1,1,0
22,1,13,10,0,0,0,24,1,1,0
10,1,17,3,0,0,0,24,1,1,0
64,1,16,18,0,0,0,24,1,1,0
87,1,14,10,0,0,0,24,1,1,0
106,1,18,2,0,0,0,24,1,1,0
80,1,12,10,0,0,0,24,1,1,0
87,1,11,10,0,0,0,24,1,1,0
125,1,20,3,0,0,0,24,1,1,0
86,1,19,1,0,0,0,24,1,1,0
96,1,10,4,0,0,0,24,1,1,0
92,1,13,15,0,0,0,24,1,1,0
77,1,16,2,0,0,0,24,1,1,0
61,1,14,11,0,0,0,24,1,1,0
127,1,18,19,0,0,0,24,1,1,0
32,1,15,10,0,0,0,24,1,1,0
52,1,19,10,0,0,0,24,1,1,0
71,1,15,7,0,0,0,24,1,1,0
55,1,9,9,0,0,0,24,1,1,0
110,1,10,6,0,0,0,24,1,1,0
41,1,8,14,0,0,0,24,1,1,0
56,1,16,19,0,0,0,24,1,1,0
116,1,12,17,0,0,0,24,1,1,0
120,1,9,11,0,0,0,24,1,1,0
7,1,13,13,0,0,0,24,1,1,0
19,1,10,19,0,0,0,24,1,1,0
7,1,8,19,0,0,0,24,1,1,0
11,1,15,19,0,0,0,24,1,1,0
37,1,11,17,0,0,0,24,1,1,0
79,1,8,16,0,0,0,24,1,1,0
124,1,18,17,0,0,0,24,1,1,0
143,1,13,15,0,0,0,24,1,1,0
73,1,19,12,0,0,0,24,1,1,0
40,1,16,6,0,0,0,24,1,1,0
84,1,20,4,0,0,0,24,1,1,0
16,1,20,9,0,0,0,24,1,1,0
95,1,9,5,0,0,0,24,1,1,0
12,1,19,11,0,0,0,24,1,1,0
36,1,17,15,0,0,0,24,1,1,0
53,1,8,16,0,0,0,24,1,1,0
135,1,11,2,0,0,0,24,1,1,0
93,1,8,19,0,0,0,24,1,1,0
50,1,9,17,0,0,0,24,1,1,0
28,1,18,6,0,0,0,24,1,1,0
150,1,19,13,0,0,0,24,1,1,0
48,1,20,18,0,0,0,24,1,1,0
128,1,19,17,0,0,0,24,1,1,0
81,1,20,14,0,0,0,24,1,1,0
34,1,9,20,0,0,0,24,1,1,0
79,1,15,4,0,0,0,24,1,1,0
108,1,10,18,0,0,0,24,1,1,0
65,1,18,13,0,0,0,24,1,1,0
140,1,8,12,0,0,0,24,1,1,0
16,1,19,7,0,0,0,24,1,1,0
105,1,12,13,0,0,0,24,1,1,0
135,1,8,5,0,0,0,24,1,1,0
12,1,12,6,0,0,0,24,1,1,0
109,1,9,8,0,0,0,24,1,1,0
36,1,19,10,0,0,0,24,1,1,0
73,1,14,11,0,0,0,24,1,1,0
139,1,9,11,0,0,0,24,1,1,0
52,1,11,8,0,0,0,24,1,1,0
64,1,16,14,0,0,0,24,1,1,0
29,1,12,17,0,0,0,24,1,1,0
104,1,12,14,0,0,0,24,1,1,0
95,1,8,13,0,0,0,24,1,1,0
63,1,8,7,0,0,0,24,1,1,0
101,1,11,9,0,0,0,24,1,1,0
68,1,8,14,0,0,0,24,1,1,0
146,1,9,11,0,0,0,24,1,1,0
131,1,16,2,0,0,0,24,1,1,0
101,1,20,16,0,0,0,24,1,1,0
31,1,10,11,0,0,0,24,1,1,0
77,1,11,20,0,0,0,24,1,1,0
131,1,8,10,0,0,0,24,1,1,0
66,1,18,8,0,0,0,24,1,1,0
102,1,8,12,0,0,0,24,1,1,0
92,1,18,2,0,0,0,24,1,1,0
102,1,13,18,0,0,0,24,1,1,0
71,1,15,14,0,0,0,24,1,1,0
144,1,17,19,0,0,0,24,1,1,0
116,1,10,4,0,0,0,24,1,1,0
67,1,9,6,0,0,0,24,1,1,0
117,1,11,7,0,0,0,24,1,1,0
32,1,12,13,0,0,0,24,1,1,0
34,1,16,19,0,0,0,24,1,1,0
70,1,12,20,0,0,0,24,1,1,0
46,1,18,20,0,0,0,24,1,1,0
81,1,12,4,0,0,0,24,1,1,0
57,1,9,7,0,0,0,24,1,1,0
9,1,12,11,0,0,0,24,1,1,0
68,1,19,18,0,0,0,24,1,1,0
16,1,9,4,0,0,0,24,1,1,0
106,1,9,1,0,0,0,24,1,1,0
126,1,14,8,0,0,0,24,1,1,0
144,1,11,11,0,0,0,24,1,1,0
80,1,17,1,0,0,0,24,1,1,0
142,1,17,14,0,0,0,24,1,1,0
78,1,15,13,0,0,0,24,1,1,0
19,1,19,14,0,0,0,24,1,1,0
66,1,11,6,0,0,0,24,1,1,0
96,1,19,18,0,0,0,24,1,1,0
142,1,14,5,0,0,0,24,1,1,0
87,1,15,2,0,0,0,24,1,1,0
141,1,10,6,0,0,0,24,1,1,0
14,1,8,14,0,0,0,24,1,1,0
92,1,18,15,0,0,0,24,1,1,0
131,1,12,18,0,0,0,24,1,1,0
40,1,8,12,0,0,0,24,1,1,0
19,1,14,15,0,0,0,24,1,1,0
44,1,14,6,0,0,0,24,1,1,0
79,1,8,18,0,0,0,24,1,1,0
144,1,12,18,0,0,0,24,1,1,0
129,1,9,11,0,0,0,24,1,1,0
139,1,20,16,0,0,0,24,1,1,0
86,1,13,17,0,0,0,24,1,1,0
114,1,16,8,0,0,0,24,1,1,0
12,1,15,7,0,0,0,24,1,1,0
15,1,10,12,0,0,0,24,1,1,0
13,1,9,9,0,0,0,24,1,1,0
67,1,12,10,0,0,0,24,1,1,0
53,1,20,13,0,0,0,24,1,1,0
76,1,10,15,0,0,0,24,1,1,0
104,1,19,12,0,0,0,24,1,1,0
70,1,8,6,0,0,0,24,1,1,0
36,1,14,14,0,0,0,24,1,1,0
58,1,11,14,0,0,0,24,1,1,0
93,1,18,3,0,0,0,24,1,1,0
50,1,12,20,0,0,0,24,1,1,0
14,1,10,17,0,0,0,24,1,1,0
38,1,12,8,0,0,0,24,1,1,0
22,1,18,18,0,0,0,24,1,1,0
82,1,9,15,0,0,0,24,1,1,0
55,1,19,6,0,0,0,24,1,1,0
136,1,9,7,0,0,0,24,1,1,0
72,1,12,15,0,0,0,24,1,1,0
108,1,16,10,0,0,0,24,1,1,0
101,1,18,4,0,0,0,24,1,1,0
47,1,16,19,0,0,0,24,1,1,0
9,1,19,14,0,0,0,24,1,1,0
126,1,19,3,0,0,0,24,1,1,0
135,1,16,13,0,0,0,24,1,1,0
91,1,18,18,0,0,0,24,1,1,0
142,1,16,5,0,0,0,24,1,1,0
43,1,12,1,0,0,0,24,1,1,0
141,1,8,17,0,0,0,24,1,1,0
7,1,14,5,0,0,0,24,1,1,0
20,1,12,19,0,0,0,24,1,1,0
145,1,18,18,0,0,0,24,1,1,0
121,1,17,20,0,0,0,24,1,1,0
119,1,14,3,0,0,0,24,1,1,0
109,1,9,9,0,0,0,24,1,1,0
52,1,17,5,0,0,0,24,1,1,0
75,1,12,10,0,0,0,24,1,1,0
74,1,17,11,0,0,0,24,1,1,0
56,1,18,5,0,0,0,24,1,1,0
86,1,18,6,0,0,0,24,1,1,0
149,1,12,17,0,0,0,24,1,1,0
123,1,18,3,0,0,0,24,1,1,0
56,1,11,17,0,0,0,24,1,1,0
116,1,18,11,0,0,0,24,1,1,0
59,1,13,2,0,0,0,24,1,1,0
115,1,20,7,0,0,0,24,1,1,0
35,1,18,14,0,0,0,24,1,1,0
135,1,9,2,0,0,0,24,1,1,0
16,1,14,10,0,0,0,24,1,1,0
37,1,16,11,0,0,0,24,1,1,0
141,1,12,1,0,0,0,24,1,1,0
64,1,19,20,0,0,0,24,1,1,0
25,1,15,8,0,0,0,24,1,1,0
65,1,12,6,0,0,0,24,1,1,0
88,1,13,3,0,0,0,24,1,1,0
86,1,12,7,0,0,0,24,1,1,0
89,1,11,8,0,0,0,24,1,1,0
118,1,17,20,0,0,0,24,1,1,0
24,1,15,19,0,0,0,24,1,1,0
33,1,12,18,0,0,0,24,1,1,0
19,1,9,5,0,0,0,24,1,1,0
110,1,15,8,0,0,0,24,1,1,0
39,1,13,1,0,0,0,24,1,1,0
10,1,15,20,0,0,0,24,1,1,0
50,1,18,2,0,0,0,24,1,1,0
37,1,15,13,0,0,0,24,1,1,0
81,1,9,10,0,0,0,24,1,1,0
52,1,16,9,0,0,0,24,1,1,0
96,1,10,3,0,0,0,24,1,1,0
66,1,14,9,0,0,0,24,1,1,0
60,1,14,4,0,0,0,24,1,1,0
18,1,20,19,0,0,0,24,1,1,0
24,1,18,17,0,0,0,24,1,1,0
97,1,14,8,0,0,0,24,1,1,0
21,1,14,2,0,0,0,24,1,1,0
19,1,15,8,0,0,0,24,1,1,0
31,1,20,11,0,0,0,24,1,1,0
89,1,10,14,0,0,0,24,1,1,0
108,1,15,5,0,0,0,24,1,1,0
33,1,11,9,0,0,0,24,1,1,0
104,1,19,5,0,0,0,24,1,1,0
65,1,13,5,0,0,0,24,1,1,0
140,1,14,12,0,0,0,24,1,1,0
31,1,8,5,0,0,0,24,1,1,0
30,1,10,10,0,0,0,24,1,1,0
103,1,11,7,0,0,0,24,1,1,0
21,1,13,5,0,0,0,24,1,1,0
96,1,8,14,0,0,0,24,1,1,0
40,1,19,19,0,0,0,24,1,1,0
114,1,15,17,0,0,0,24,1,1,0
133,1,20,10,0,0,0,24,1,1,0
71,1,18,9,0,0,0,24,1,1,0
9,1,15,6,0,0,0,24,1,1,0
144,1,8,8,0,0,0,24,1,1,0
106,1,18,2,0,0,0,24,1,1,0
24,1,19,13,0,0,0,24,1,1,0
108,1,17,13,0,0,0,24,1,1,0
130,1,8,12,0,0,0,24,1,1,0
57,1,8,13,0,0,0,24,1,1,0
5,1,20,2,0,0,0,24,1,1,0
72,1,9,15,0,0,0,24,1,1,0
110,1,20,7,0,0,0,24,1,1,0
104,1,14,8,0,0,0,24,1,1,0
81,1,10,11,0,0,0,24,1,1,0
106,1,9,18,0,0,0,24,1,1,0
115,1,18,1,0,0,0,24,1,1,0
7,1,18,13,0,0,0,24,1,1,0
16,1,12,11,0,0,0,24,1,1,0
77,1,19,2,0,0,0,24,1,1,0
37,1,15,15,0,0,0,24,1,1,0
37,1,18,3,0,0,0,24,1,1,0
42,1,9,2,0,0,0,24,1,1,0
146,1,12,7,0,0,0,24,1,1,0
39,1,8,19,0,0,0,24,1,1,0
9,1,8,1,0,0,0,24,1,1,0
25,1,14,13,0,0,0,24,1,1,0
17,1,19,5,0,0,0,24,1,1,0
91,1,13,10,0,0,0,24,1,1,0
126,1,18,7,0,0,0,24,1,1,0
14,1,11,4,0,0,0,24,1,1,0
111,1,13,5,0,0,0,24,1,1,0
61,1,19,15,0,0,0,24,1,1,0
32,1,11,6,0,0,0,24,1,1,0
75,1,20,7,0,0,0,24,1,1,0
83,1,15,8,0,0,0,24,1,1,0
130,1,9,17,0,0,0,24,1,1,0
36,1,19,9,0,0,0,24,1,1,0
61,1,18,12,0,0,0,24,1,1,0
90,1,18,4,0,0,0,24,1,1,0
126,1,18,3,0,0,0,24,1,1,0
109,1,9,18,0,0,0,24,1,1,0
18,1,19,13,0,0,0,24,1,1,0
97,1,9,17,0,0,0,24,1,1,0
139,1,14,2,0,0,0,24,1,1,0
129,1,9,13,0,0,0,24,1,1,0
56,1,12,1,0,0,0,24,1,1,0
28,1,11,15,0,0,0,24,1,1,0
75,1,11,19,0,0,0,24,1,1,0
89,1,12,14,0,0,0,24,1,1,0
69,1,10,18,0,0,0,24,1,1,0
48,1,16,15,0,0,0,24,1,1,0
103,1,16,6,0,0,0,24,1,1,0
146,1,12,5,0,0,0,24,1,1,0
54,1,18,15,0,0,0,24,1,1,0
149,1,15,9,0,0,0,24,1,1,0
31,1,20,4,0,0,0,24,1,1,0
39,1,12,1,0,0,0,24,1,1,0
92,1,11,2,0,0,0,24,1,1,0
129,1,13,14,0,0,0,24,1,1,0
74,1,13,10,0,0,0,24,1,1,0
5,1,20,17,0,0,0,24,1,1,0
86,1,10,16,0,0,0,24,1,1,0
84,1,8,14,0,0,0,24,1,1,0
18,1,10,1,0,0,0,24,1,1,0
121,1,9,1,0,0,0,24,1,1,0
31,1,14,18,0,0,0,24,1,1,0
15,1,12,12,0,0,0,24,1,1,0
133,1,9,4,0,0,0,24,1,1,0
23,1,11,6,0,0,0,24,1,1,0
133,1,16,4,0,0,0,24,1,1,0
33,1,17,8,0,0,0,24,1,1,0
133,1,18,5,0,0,0,24,1,1,0
68,1,9,13,0,0,0,24,1,1,0
133,1,11,4,0,0,0,24,1,1,0
68,1,11,3,0,0,0,24,1,1,0
56,1,20,10,0,0,0,24,1,1,0
107,1,16,9,0,0,0,24,1,1,0
37,1,14,1,0,0,0,24,1,1,0
138,1,19,6,0,0,0,24,1,1,0
102,1,16,16,0,0,0,24,1,1,0
98,1,8,9,0,0,0,24,1,1,0
146,1,8,13,0,0,0,24,1,1,0
52,1,11,20,0,0,0,24,1,1,0
143,1,20,3,0,0,0,24,1,1,0
75,1,9,1,0,0,0,24,1,1,0
111,1,8,17,0,0,0,24,1,1,0
119,1,10,9,0,0,0,24,1,1,0
44,1,16,16,0,0,0,24,1,1,0
65,1,11,1,0,0,0,24,1,1,0
88,1,16,7,0,0,0,24,1,1,0
19,1,9,11,0,0,0,24,1,1,0
77,1,18,16,0,0,0,24,1,1,0
16,1,18,20,0,0,0,24,1,1,0
91,1,14,3,0,0,0,24,1,1,0
58,1,12,10,0,0,0,24,1,1,0
69,1,12,16,0,0,0,24,1,1,0
17,1,8,9,0,0,0,24,1,1,0
143,1,15,19,0,0,0,24,1,1,0
134,1,17,16,0,0,0,24,1,1,0
126,1,16,11,0,0,0,24,1,1,0
32,1,8,15,0,0,0,24,1,1,0
65,1,12,17,0,0,0,24,1,1,0
127,1,17,16,0,0,0,24,1,1,0
63,1,15,16,0,0,0,24,1,1,0
65,1,19,3,0,0,0,24,1,1,0
67,1,12,3,0,0,0,24,1,1,0
149,1,15,2,0,0,0,24,1,1,0
6,1,12,13,0,0,0,24,1,1,0
18,1,11,9,0,0,0,24,1,1,0
63,1,14,10,0,0,0,24,1,1,0
103,1,18,14,0,0,0,24,1,1,0
69,1,19,15,0,0,0,24,1,1,0
44,1,11,18,0,0,0,24,1,1,0
138,1,9,9,0,0,0,24,1,1,0
113,1,8,15,0,0,0,24,1,1,0
116,1,20,4,0,0,0,24,1,1,0
75,1,16,4,0,0,0,24,1,1,0
20,1,17,4,0,0,0,24,1,1,0
144,1,10,14,0,0,0,24,1,1,0
104,1,15,9,0,0,0,24,1,1,0
89,1,8,7,0,0,0,24,1,1,0
110,1,13,19,0,0,0,24,1,1,0
24,1,9,19,0,0,0,24,1,1,0
112,1,9,1,0,0,0,24,1,1,0
118,1,11,2,0,0,0,24,1,1,0
23,1,17,5,0,0,0,24,1,1,0
87,1,14,17,0,0,0,24,1,1,0
67,1,8,10,0,0,0,24,1,1,0
37,1,16,13,0,0,0,24,1,1,0
21,1,20,10,0,0,0,24,1,1,0
65,1,17,15,0,0,0,24,1,1,0
60,1,11,1,0,0,0,24,1,1,0
104,1,15,13,0,0,0,24,1,1,0
61,1,15,13,0,0,0,24,1,1,0
117,1,13,12,0,0,0,24,1,1,0
149,1,20,18,0,0,0,24,1,1,0
112,1,8,14,0,0,0,24,1,1,0
45,1,15,19,0,0,0,24,1,1,0
98,1,18,9,0,0,0,24,1,1,0
124,1,16,17,0,0,0,24,1,1,0
87,1,17,12,0,0,0,24,1,1,0
126,1,14,7,0,0,0,24,1,1,0
36,1,20,13,0,0,0,24,1,1,0
14,1,9,17,0,0,0,24,1,1,0
112,1,12,8,0,0,0,24,1,1,0
52,1,13,4,0,0,0,24,1,1,0
18,1,11,20,0,0,0,24,1,1,0
144,1,9,12,0,0,0,24,1,1,0
24,1,19,3,0,0,0,24,1,1,0
71,1,12,20,0,0,0,24,1,1,0
11,1,10,3,0,0,0,24,1,1,0
55,1,13,12,0,0,0,24,1,1,0
67,1,8,5,0,0,0,24,1,1,0
17,1,16,11,0,0,0,24,1,1,0
141,1,8,10,0,0,0,24,1,1,0
34,1,15,18,0,0,0,24,1,1,0
46,1,15,8,0,0,0,24,1,1,0
73,1,16,7,0,0,0,24,1,1,0
98,1,18,16,0,0,0,24,1,1,0
150,1,8,9,0,0,0,24,1,1,0
126,1,15,4,0,0,0,24,1,1,0
42,1,9,19,0,0,0,24,1,1,0
55,1,17,5,0,0,0,24,1,1,0
136,1,15,12,0,0,0,24,1,1,0
44,1,11,9,0,0,0,24,1,1,0
9,1,18,15,0,0,0,24,1,1,0
147,1,18,16,0,0,0,24,1,1,0
95,1,10,14,0,0,0,24,1,1,0
32,1,19,3,0,0,0,24,1,1,0
67,1,18,19,0,0,0,24,1,1,0
58,1,12,17,0,0,0,24,1,1,0
86,1,9,8,0,0,0,24,1,1,0
37,1,13,13,0,0,0,24,1,1,0
92,1,8,20,0,0,0,24,1,1,0
55,1,15,5,0,0,0,24,1,1,0
35,1,19,3,0,0,0,24,1,1,0
121,1,15,18,0,0,0,24,1,1,0
13,1,13,3,0,0,0,24,1,1,0
117,1,17,4,0,0,0,24,1,1,0
36,1,20,4,0,0,0,24,1,1,0
97,1,9,1,0,0,0,24,1,1,0
61,1,18,4,0,0,0,24,1,1,0
97,1,19,2,0,0,0,24,1,1,0
108,1,12,2,0,0,0,24,1,1,0
79,1,18,7,0,0,0,24,1,1,0
80,1,14,17,0,0,0,24,1,1,0
133,1,13,6,0,0,0,24,1,1,0
102,1,8,17,0,0,0,24,1,1,0
71,1,10,17,0,0,0,24,1,1,0
138,1,12,19,0,0,0,24,1,1,0
47,1,13,17,0,0,0,24,1,1,0
139,1,20,14,0,0,0,24,1,1,0
37,1,14,9,0,0,0,24,1,1,0
63,1,20,5,0,0,0,24,1,1,0
87,1,20,1,0,0,0,24,1,1,0
59,1,14,13,0,0,0,24,1,1,0
5,1,20,4,0,0,0,24,1,1,0
124,1,17,18,0,0,0,24,1,1,0
57,1,9,19,0,0,0,24,1,1,0
26,1,12,2,0,0,0,24,1,1,0
88,1,15,1,0,0,0,24,1,1,0
9,1,17,4,0,0,0,24,1,1,0
112,1,12,13,0,0,0,24,1,1,0
113,1,9,20,0,0,0,24,1,1,0
138,1,17,6,0,0,0,24,1,1,0
63,1,11,7,0,0,0,24,1,1,0
87,1,16,5,0,0,0,24,1,1,0
126,1,16,15,0,0,0,24,1,1,0
142,1,17,14,0,0,0,24,1,1,0
70,1,12,6,0,0,0,24,1,1,0
64,1,14,20,0,0,0,24,1,1,0
101,1,17,13,0,0,0,24,1,1,0
43,1,17,3,0,0,0,24,1,1,0
45,1,16,3,0,0,0,24,1,1,0
109,1,16,12,0,0,0,24,1,1,0
55,1,18,16,0,0,0,24,1,1,0
50,1,11,6,0,0,0,24,1,1,0
83,1,14,7,0,0,0,24,1,1,0
85,1,8,20,0,0,0,24,1,1,0
87,1,13,15,0,0,0,24,1,1,0
5,1,19,9,0,0,0,24,1,1,0
57,1,18,16,0,0,0,24,1,1,0
129,1,9,6,0,0,0,24,1,1,0
74,1,8,3,0,0,0,24,1,1,0
22,1,16,15,0,0,0,24,1,1,0
110,1,14,11,0,0,0,24,1,1,0
98,1,8,17,0,0,0,24,1,1,0
108,1,20,18,0,0,0,24,1,1,0
75,1,17,5,0,0,0,24,1,1,0
25,1,15,7,0,0,0,24,1,1,0
51,1,15,2,0,0,0,24,1,1,0
44,1,8,15,0,0,0,24,1,1,0
80,1,18,14,0,0,0,24,1,1,0
145,1,11,7,0,0,0,24,1,1,0
115,1,8,19,0,0,0,24,1,1,0
64,1,8,4,0,0,0,24,1,1,0
106,1,14,3,0,0,0,24,1,1,0
147,1,13,2,0,0,0,24,1,1,0
16,1,14,17,0,0,0,24,1,1,0
32,1,20,12,0,0,0,24,1,1,0
6,1,14,16,0,0,0,24,1,1,0
143,1,11,5,0,0,0,24,1,1,0
11,1,8,20,0,0,0,24,1,1,0
51,1,9,17,0,0,0,24,1,1,0
96,1,18,5,0,0,0,24,1,1,0
116,1,15,3,0,0,0,24,1,1,0
65,1,10,6,0,0,0,24,1,1,0
100,1,17,15,0,0,0,24,1,1,0
54,1,20,20,0,0,0,24,1,1,0
93,1,15,20,0,0,0,24,1,1,0
7,1,11,1,0,0,0,24,1,1,0
111,1,14,16,0,0,0,24,1,1,0
65,1,17,3,0,0,0,24,1,1,0
66,1,10,18,0,0,0,24,1,1,0
28,1,13,18,0,0,0,24,1,1,0
89,1,19,10,0,0,0,24,1,1,0
39,1,9,8,0,0,0,24,1,1,0
127,1,15,14,0,0,0,24,1,1,0
115,1,16,17,0,0,0,24,1,1,0
61,1,10,14,0,0,0,24,1,1,0
126,1,14,4,0,0,0,24,1,1,0
43,1,11,8,0,0,0,24,1,1,0
77,1,17,9,0,0,0,24,1,1,0
11,1,12,17,0,0,0,24,1,1,0
63,1,19,9,0,0,0,24,1,1,0
83,1,18,11,0,0,0,24,1,1,0
91,1,11,3,0,0,0,24,1,1,0
87,1,15,1,0,0,0,24,1,1,0
66,1,10,11,0,0,0,24,1,1,0
9,1,19,15,0,0,0,24,1,1,0
136,1,19,16,0,0,0,24,1,1,0
9,1,20,15,0,0,0,24,1,1,0
137,1,9,13,0,0,0,24,1,1,0
99,1,19,4,0,0,0,24,1,1,0
140,1,9,9,0,0,0,24,1,1,0
39,1,8,12,0,0,0,24,1,1,0
47,1,9,9,0,0,0,24,1,1,0
71,1,16,13,0,0,0,24,1,1,0
28,1,8,11,0,0,0,24,1,1,0
149,1,14,13,0,0,0,24,1,1,0
132,1,14,3,0,0,0,24,1,1,0
61,1,16,1,0,0,0,24,1,1,0
92,1,15,8,0,0,0,24,1,1,0
7,1,8,19,0,0,0,24,1,1,0
12,1,13,16,0,0,0,24,1,1,0
111,1,8,2,0,0,0,24,1,1,0
68,1,14,7,0,0,0,24,1,1,0
84,1,9,13,0,0,0,24,1,1,0
46,1,20,1,0,0,0,24,1,1,0
58,1,9,7,0,0,0,24,1,1,0
120,1,13,16,0,0,0,24,1,1,0
35,1,12,4,0,0,0,24,1,1,0
68,1,9,9,0,0,0,24,1,1,0
115,1,16,19,0,0,0,24,1,1,0
85,1,13,5,0,0,0,24,1,1,0
137,1,8,11,0,0,0,24,1,1,0
95,1,12,15,0,0,0,24,1,1,0
50,1,10,9,0,0,0,24,1,1,0
65,1,17,1,0,0,0,24,1,1,0
71,1,11,20,0,0,0,24,1,1,0
102,1,8,3,0,0,0,24,1,1,0
52,1,20,7,0,0,0,24,1,1,0
66,1,17,12,0,0,0,24,1,1,0
9,1,20,13,0,0,0,24,1,1,0
98,1,11,11,0,0,0,24,1,1,0
55,1,13,11,0,0,0,24,1,1,0
110,1,14,7,0,0,0,24,1,1,0
13,1,13,8,0,0,0,24,1,1,0
89,1,17,17,0,0,0,24,1,1,0
79,1,12,10,0,0,0,24,1,1,0
26,1,15,8,0,0,0,24,1,1,0
40,1,10,15,0,0,0,24,1,1,0
27,1,18,14,0,0,0,24,1,1,0
1577,2,1,3546,1,1,1,1,15,0,1
3814,2,2,4374,1,1,1,1,15,0,1
7041,2,3,3727,1,1,1,1,15,0,1
8145,2,23,2946,1,1,1,1,15,0,1
2371,2,3,2672,1,1,1,1,15,0,1
7446,2,2,4205,1,1,1,1,15,0,1
7200,2,4,2816,1,1,1,1,15,0,1
6507,2,23,4250,1,1,1,1,15,0,1
2969,2,4,160,1,1,1,1,15,0,1
2460,2,1,1839,1,1,1,1,15,0,1
7824,2,2,1457,1,1,1,1,15,0,1
4231,2,3,1150,1,1,1,1,15,0,1
7539,2,3,3882,1,1,1,1,15,0,1
9380,2,23,1686,1,1,1,1,15,0,1
1290,2,4,4167,1,1,1,1,15,0,1
8368,2,3,4053,1,1,1,1,15,0,1
2420,2,4,4042,1,1,1,1,15,0,1
8967,2,3,1815,1,1,1,1,15,0,1
5199,2,1,4135,1,1,1,1,15,0,1
5259,2,2,1916,1,1,1,1,15,0,1
6896,2,4,3479,1,1,1,1,15,0,1
3044,2,3,2330,1,1,1,1,15,0,1
1022,2,1,1361,1,1,1,1,15,0,1
8650,2,2,1471,1,1,1,1,15,0,1
6130,2,1,1179,1,1,1,1,15,0,1
8467,2,1,2169,1,1,1,1,15,0,1
1486,2,4,380,1,1,1,1,15,0,1
5398,2,1,1716,1,1,1,1,15,0,1
3095,2,3,4487,1,1,1,1,15,0,1
5432,2,23,3241,1,1,1,1,15,0,1
3138,2,1,3048,1,1,1,1,15,0,1
9391,2,2,173,1,1,1,1,15,0,1
2718,2,4,4725,1,1,1,1,15,0,1
4332,2,2,1823,1,1,1,1,15,0,1
3696,2,2,4280,1,1,1,1,15,0,1
9056,2,3,2101,1,1,1,1,15,0,1
1070,2,1,1879,1,1,1,1,15,0,1
9184,2,2,2304,1,1,1,1,15,0,1
8318,2,3,3855,1,1,1,1,15,0,1
7128,2,2,937,1,1,1,1,15,0,1
8817,2,3,4555,1,1,1,1,15,0,1
9962,2,1,1095,1,1,1,1,15,0,1
7699,2,4,2247,1,1,1,1,15,0,1
6848,2,2,2580,1,1,1,1,15,0,1
3366,2,4,271,1,1,1,1,15,0,1
2198,2,4,724,1,1,1,1,15,0,1
5862,2,2,4001,1,1,1,1,15,0,1
2939,2,23,2639,1,1,1,1,15,0,1
3405,2,4,4492,1,1,1,1,15,0,1
5568,2,3,1222,1,1,1,1,15,0,1
3020,2,2,3619,1,1,1,1,15,0,1
9451,2,4,1663,1,1,1,1,15,0,1
5657,2,23,1668,1,1,1,1,15,0,1
3308,2,2,970,1,1,1,1,15,0,1
4909,2,4,543,1,1,1,1,15,0,1
6778,2,3,4682,1,1,1,1,15,0,1
7787,2,3,4747,1,1,1,1,15,0,1
2184,2,1,950,1,1,1,1,15,0,1
6061,2,1,4180,1,1,1,1,15,0,1
5342,2,23,922,1,1,1,1,15,0,1
9480,2,3,1826,1,1,1,1,15,0,1
3572,2,1,3486,1,1,1,1,15,0,1
6872,2,2,411,1,1,1,1,15,0,1
7526,2,2,4878,1,1,1,1,15,0,1
6762,2,3,1921,1,1,1,1,15,0,1
5679,2,2,4479,1,1,1,1,15,0,1
8058,2,3,2967,1,1,1,1,15,0,1
5053,2,3,2405,1,1,1,1,15,0,1
7768,2,1,3068,1,1,1,1,15,0,1
2639,2,2,4811,1,1,1,1,15,0,1
7882,2,2,750,1,1,1,1,15,0,1
4248,2,23,2017,1,1,1,1,15,0,1
2105,2,1,1362,1,1,1,1,15,0,1
7249,2,1,1062,1,1,1,1,15,0,1
8929,2,2,1027,1,1,1,1,15,0,1
5122,2,1,3581,1,1,1,1,15,0,1
8658,2,4,3588,1,1,1,1,15,0,1
4152,2,1,2616,1,1,1,1,15,0,1
1023,2,3,3328,1,1,1,1,15,0,1
3474,2,1,4758,1,1,1,1,15,0,1
1130,2,4,2594,1,1,1,1,15,0,1
9062,2,3,4178,1,1,1,1,15,0,1
9492,2,4,1781,1,1,1,1,15,0,1
5754,2,4,3845,1,1,1,1,15,0,1
9415,2,2,1489,1,1,1,1,15,0,1
1708,2,3,1651,1,1,1,1,15,0,1
6125,2,23,1054,1,1,1,1,15,0,1
2506,2,4,2897,1,1,1,1,15,0,1
4507,2,3,3080,1,1,1,1,15,0,1
5994,2,3,2660,1,1,1,1,15,0,1
9787,2,1,1027,1,1,1,1,15,0,1
1388,2,2,1745,1,1,1,1,15,0,1
4387,2,3,4660,1,1,1,1,15,0,1
7115,2,23,327,1,1,1,1,15,0,1
5612,2,23,3626,1,1,1,1,15,0,1
1881,2,4,4608,1,1,1,1,15,0,1
4567,2,23,945,1,1,1,1,15,0,1
1004,2,2,1463,1,1,1,1,15,0,1
5888,2,4,3871,1,1,1,1,15,0,1
9501,2,2,338,1,1,1,1,15,0,1
3458,2,3,500,1,1,1,1,15,0,1
9915,2,3,3007,1,1,1,1,15,0,1
5018,2,2,1403,1,1,1,1,15,0,1
6224,2,4,1046,1,1,1,1,15,0,1
6454,2,1,1528,1,1,1,1,15,0,1
3935,2,4,979,1,1,1,1,15,0,1
8455,2,4,3654,1,1,1,1,15,0,1
3618,2,23,343,1,1,1,1,15,0,1
4459,2,4,148,1,1,1,1,15,0,1
8451,2,4,4963,1,1,1,1,15,0,1
3932,2,23,1320,1,1,1,1,15,0,1
9887,2,23,1423,1,1,1,1,15,0,1
8636,2,2,4729,1,1,1,1,15,0,1
2844,2,4,2586,1,1,1,1,15,0,1
3099,2,1,735,1,1,1,1,15,0,1
8525,2,2,623,1,1,1,1,15,0,1
3714,2,1,2063,1,1,1,1,15,0,1
1248,2,3,1802,1,1,1,1,15,0,1
5573,2,2,4690,1,1,1,1,15,0,1
8712,2,1,3556,1,1,1,1,15,0,1
2437,2,2,3593,1,1,1,1,15,0,1
5102,2,2,3777,1,1,1,1,15,0,1
4829,2,1,659,1,1,1,1,15,0,1
3678,2,4,4079,1,1,1,1,15,0,1
8209,2,3,2186,1,1,1,1,15,0,1
6672,2,1,3696,1,1,1,1,15,0,1
3817,2,3,512,1,1,1,1,15,0,1
7436,2,2,3207,1,1,1,1,15,0,1
7701,2,4,3367,1,1,1,1,15,0,1
3832,2,4,4954,1,1,1,1,15,0,1
1584,2,23,3705,1,1,1,1,15,0,1
4617,2,2,1388,1,1,1,1,15,0,1
1918,2,2,1256,1,1,1,1,15,0,1
6554,2,1,3160,1,1,1,1,15,0,1
2538,2,1,2159,1,1,1,1,15,0,1
2616,2,23,460,1,1,1,1,15,0,1
1249,2,4,2265,1,1,1,1,15,0,1
1027,2,23,4711,1,1,1,1,15,0,1
9859,2,1,693,1,1,1,1,15,0,1
3893,2,3,204,1,1,1,1,15,0,1
2594,2,4,641,1,1,1,1,15,0,1
5683,2,4,4674,1,1,1,1,15,0,1
9252,2,23,3784,1,1,1,1,15,0,1
7339,2,1,3580,1,1,1,1,15,0,1
5668,2,23,4029,1,1,1,1,15,0,1
5096,2,1,3622,1,1,1,1,15,0,1
6581,2,23,2847,1,1,1,1,15,0,1
3594,2,23,118,1,1,1,1,15,0,1
8592,2,1,195,1,1,1,1,15,0,1
7120,2,4,4454,1,1,1,1,15,0,1
2691,2,1,4299,1,1,1,1,15,0,1
7786,2,3,1695,1,1,1,1,15,0,1
4853,2,23,1992,1,1,1,1,15,0,1
9203,2,1,225,1,1,1,1,15,0,1
8248,2,23,3338,1,1,1,1,15,0,1
4098,2,23,2873,1,1,1,1,15,0,1
4510,2,23,2890,1,1,1,1,15,0,1
4413,2,23,3955,1,1,1,1,15,0,1
5462,2,23,1805,1,1,1,1,15,0,1
9745,2,4,3942,1,1,1,1,15,0,1
7017,2,1,4872,1,1,1,1,15,0,1
3287,2,3,1833,1,1,1,1,15,0,1
9428,2,23,152,1,1,1,1,15,0,1
2078,2,23,3083,1,1,1,1,15,0,1
7372,2,3,4865,1,1,1,1,15,0,1
7426,2,4,2985,1,1,1,1,15,0,1
9783,2,3,599,1,1,1,1,15,0,1
1692,2,2,1568,1,1,1,1,15,0,1
8479,2,2,2861,1,1,1,1,15,0,1
4426,2,4,672,1,1,1,1,15,0,1
6466,2,3,3427,1,1,1,1,15,0,1
2942,2,1,2551,1,1,1,1,15,0,1
3125,2,1,1077,1,1,1,1,15,0,1
2927,2,1,1475,1,1,1,1,15,0,1
4854,2,3,4435,1,1,1,1,15,0,1
2744,2,2,677,1,1,1,1,15,0,1
2368,2,1,3248,1,1,1,1,15,0,1
5185,2,2,646,1,1,1,1,15,0,1
1506,2,4,3790,1,1,1,1,15,0,1
4932,2,3,4894,1,1,1,1,15,0,1
7733,2,23,2934,1,1,1,1,15,0,1
9283,2,3,1920,1,1,1,1,15,0,1
7745,2,2,700,1,1,1,1,15,0,1
3174,2,3,1638,1,1,1,1,15,0,1
8950,2,2,2989,1,1,1,1,15,0,1
5555,2,4,1511,1,1,1,1,15,0,1
3542,2,23,2577,1,1,1,1,15,0,1
9201,2,4,3430,1,1,1,1,15,0,1
2504,2,2,2107,1,1,1,1,15,0,1
1005,2,1,4410,1,1,1,1,15,0,1
4674,2,1,4964,1,1,1,1,15,0,1
3110,2,4,4199,1,1,1,1,15,0,1
4343,2,2,661,1,1,1,1,15,0,1
3731,2,23,4059,1,1,1,1,15,0,1
8066,2,23,3227,1,1,1,1,15,0,1
9505,2,1,1328,1,1,1,1,15,0,1
2396,2,23,3873,1,1,1,1,15,0,1
1920,2,2,2343,1,1,1,1,15,0,1
5546,2,23,1425,1,1,1,1,15,0,1
4241,2,23,169,1,1,1,1,15,0,1
1774,2,23,1989,1,1,1,1,15,0,1
5861,2,3,650,1,1,1,1,15,0,1
2067,2,23,3386,1,1,1,1,15,0,1
1693,2,2,524,1,1,1,1,15,0,1
4638,2,2,1474,1,1,1,1,15,0,1
8094,2,4,4424,1,1,1,1,15,0,1
5694,2,23,4827,1,1,1,1,15,0,1
8067,2,4,2402,1,1,1,1,15,0,1
7625,2,23,1172,1,1,1,1,15,0,1
9295,2,1,4925,1,1,1,1,15,0,1
3107,2,1,383,1,1,1,1,15,0,1
4443,2,1,1094,1,1,1,1,15,0,1
5550,2,23,2655,1,1,1,1,15,0,1
9715,2,2,1641,1,1,1,1,15,0,1
5158,2,4,2933,1,1,1,1,15,0,1
8596,2,2,1014,1,1,1,1,15,0,1
7175,2,3,3969,1,1,1,1,15,0,1
2615,2,1,864,1,1,1,1,15,0,1
9060,2,2,4167,1,1,1,1,15,0,1
1552,2,23,1322,1,1,1,1,15,0,1
3182,2,23,2667,1,1,1,1,15,0,1
3047,2,3,1148,1,1,1,1,15,0,1
2711,2,3,1229,1,1,1,1,15,0,1
7682,2,23,3006,1,1,1,1,15,0,1
6167,2,3,4898,1,1,1,1,15,0,1
6483,2,2,3714,1,1,1,1,15,0,1
9110,2,23,775,1,1,1,1,15,0,1
7302,2,23,586,1,1,1,1,15,0,1
3085,2,3,259,1,1,1,1,15,0,1
6566,2,4,2622,1,1,1,1,15,0,1
1665,2,3,1918,1,1,1,1,15,0,1
4530,2,3,2308,1,1,1,1,15,0,1
3895,2,4,3280,1,1,1,1,15,0,1
7896,2,4,2270,1,1,1,1,15,0,1
4423,2,2,1793,1,1,1,1,15,0,1
5099,2,1,3057,1,1,1,1,15,0,1
1610,2,2,1652,1,1,1,1,15,0,1
5809,2,4,2160,1,1,1,1,15,0,1
3074,2,1,4485,1,1,1,1,15,0,1
3228,2,1,782,1,1,1,1,15,0,1
6875,2,2,2726,1,1,1,1,15,0,1
7329,2,1,3162,1,1,1,1,15,0,1
8104,2,2,1812,1,1,1,1,15,0,1
5042,2,3,1715,1,1,1,1,15,0,1
5087,2,2,4469,1,1,1,1,15,0,1
2956,2,3,2687,1,1,1,1,15,0,1
8632,2,2,2512,1,1,1,1,15,0,1
2724,2,23,4771,1,1,1,1,15,0,1
2134,2,2,3639,1,1,1,1,15,0,1
6416,2,23,2043,1,1,1,1,15,0,1
4977,2,23,2356,1,1,1,1,15,0,1
1646,2,2,3644,1,1,1,1,15,0,1
9820,2,4,710,1,1,1,1,15,0,1
1231,2,3,2262,1,1,1,1,15,0,1
8810,2,4,1588,1,1,1,1,15,0,1
2768,2,3,1894,1,1,1,1,15,0,1
2548,2,2,4729,1,1,1,1,15,0,1
3438,2,3,2668,1,1,1,1,15,0,1
8224,2,1,2604,1,1,1,1,15,0,1
4673,2,3,1937,1,1,1,1,15,0,1
4177,2,4,383,1,1,1,1,15,0,1
2854,2,3,3754,1,1,1,1,15,0,1
2747,2,4,2804,1,1,1,1,15,0,1
8071,2,23,1301,1,1,1,1,15,0,1
6370,2,1,3808,1,1,1,1,15,0,1
3802,2,1,3543,1,1,1,1,15,0,1
3001,2,2,1546,1,1,1,1,15,0,1
7884,2,2,4373,1,1,1,1,15,0,1
3148,2,2,3308,1,1,1,1,15,0,1
1279,2,2,521,1,1,1,1,15,0,1
2473,2,23,3998,1,1,1,1,15,0,1
4869,2,1,4609,1,1,1,1,15,0,1
8784,2,23,434,1,1,1,1,15,0,1
4557,2,2,1111,1,1,1,1,15,0,1
9449,2,4,3071,1,1,1,1,15,0,1
6775,2,2,1741,1,1,1,1,15,0,1
3779,2,3,2673,1,1,1,1,15,0,1
9246,2,23,4700,1,1,1,1,15,0,1
6790,2,4,1036,1,1,1,1,15,0,1
7537,2,4,2877,1,1,1,1,15,0,1
1835,2,3,1967,1,1,1,1,15,0,1
9152,2,23,2525,1,1,1,1,15,0,1
8049,2,4,4722,1,1,1,1,15,0,1
4496,2,2,1189,1,1,1,1,15,0,1
9103,2,3,4166,1,1,1,1,15,0,1
8648,2,4,4924,1,1,1,1,15,0,1
9992,2,23,579,1,1,1,1,15,0,1
3050,2,23,4557,1,1,1,1,15,0,1
5309,2,2,2509,1,1,1,1,15,0,1
3810,2,3,3906,1,1,1,1,15,0,1
7657,2,23,2951,1,1,1,1,15,0,1
5790,2,3,4886,1,1,1,1,15,0,1
5290,2,1,3067,1,1,1,1,15,0,1
3400,2,2,3441,1,1,1,1,15,0,1
1486,2,23,4800,1,1,1,1,15,0,1
2064,2,3,3096,1,1,1,1,15,0,1
9449,2,3,888,1,1,1,1,15,0,1
5239,2,4,3873,1,1,1,1,15,0,1
9586,2,2,508,1,1,1,1,15,0,1
9064,2,2,785,1,1,1,1,15,0,1
6249,2,1,1878,1,1,1,1,15,0,1
4674,2,1,2304,1,1,1,1,15,0,1
2512,2,23,2750,1,1,1,1,15,0,1
2750,2,4,4748,1,1,1,1,15,0,1
1609,2,4,2789,1,1,1,1,15,0,1
5105,2,1,4772,1,1,1,1,15,0,1
1606,2,4,4828,1,1,1,1,15,0,1
1894,2,3,2221,1,1,1,1,15,0,1
5408,2,23,3882,1,1,1,1,15,0,1
4935,2,4,2232,1,1,1,1,15,0,1
2917,2,2,4590,1,1,1,1,15,0,1
6012,2,1,1976,1,1,1,1,15,0,1
2557,2,23,4493,1,1,1,1,15,0,1
8192,2,23,2440,1,1,1,1,15,0,1
5577,2,3,149,1,1,1,1,15,0,1
5251,2,2,4187,1,1,1,1,15,0,1
1766,2,23,3558,1,1,1,1,15,0,1
4021,2,23,3682,1,1,1,1,15,0,1
7641,2,2,1320,1,1,1,1,15,0,1
9330,2,1,4802,1,1,1,1,15,0,1
3983,2,4,4015,1,1,1,1,15,0,1
7238,2,23,4278,1,1,1,1,15,0,1
6939,2,2,162,1,1,1,1,15,0,1
8011,2,2,509,1,1,1,1,15,0,1
3922,2,2,3693,1,1,1,1,15,0,1
6308,2,4,2154,1,1,1,1,15,0,1
9726,2,23,4931,1,1,1,1,15,0,1
6109,2,4,1624,1,1,1,1,15,0,1
3964,2,2,1895,1,1,1,1,15,0,1
5778,2,2,4297,1,1,1,1,15,0,1
2607,2,1,2744,1,1,1,1,15,0,1
2083,2,23,3933,1,1,1,1,15,0,1
3500,2,4,4973,1,1,1,1,15,0,1
6711,2,23,2989,1,1,1,1,15,0,1
5168,2,3,2664,1,1,1,1,15,0,1
6534,2,2,2241,1,1,1,1,15,0,1
5765,2,1,4684,1,1,1,1,15,0,1
9341,2,4,3918,1,1,1,1,15,0,1
9490,2,4,4898,1,1,1,1,15,0,1
4541,2,1,536,1,1,1,1,15,0,1
6227,2,3,4865,1,1,1,1,15,0,1
5683,2,1,2301,1,1,1,1,15,0,1
8163,2,3,1441,1,1,1,1,15,0,1
4480,2,4,4012,1,1,1,1,15,0,1
1615,2,1,1063,1,1,1,1,15,0,1
9180,2,4,245,1,1,1,1,15,0,1
8553,2,2,1350,1,1,1,1,15,0,1
9181,2,2,738,1,1,1,1,15,0,1
3177,2,23,1339,1,1,1,1,15,0,1
1311,2,3,4885,1,1,1,1,15,0,1
5286,2,23,2122,1,1,1,1,15,0,1
6746,2,4,783,1,1,1,1,15,0,1
8174,2,1,178,1,1,1,1,15,0,1
7377,2,2,1536,1,1,1,1,15,0,1
6272,2,1,4978,1,1,1,1,15,0,1
8784,2,4,3960,1,1,1,1,15,0,1
4414,2,2,2153,1,1,1,1,15,0,1
3589,2,23,2634,1,1,1,1,15,0,1
2472,2,2,486,1,1,1,1,15,0,1
9454,2,23,2733,1,1,1,1,15,0,1
4266,2,1,3045,1,1,1,1,15,0,1
6414,2,2,4036,1,1,1,1,15,0,1
5351,2,23,1134,1,1,1,1,15,0,1
1220,2,23,164,1,1,1,1,15,0,1
9150,2,23,4943,1,1,1,1,15,0,1
3954,2,23,1418,1,1,1,1,15,0,1
9130,2,2,1427,1,1,1,1,15,0,1
6710,2,23,4893,1,1,1,1,15,0,1
3489,2,2,3286,1,1,1,1,15,0,1
4165,2,2,3455,1,1,1,1,15,0,1
6941,2,4,1767,1,1,1,1,15,0,1
4135,2,3,3270,1,1,1,1,15,0,1
5238,2,3,561,1,1,1,1,15,0,1
6875,2,23,4242,1,1,1,1,15,0,1
5012,2,3,3543,1,1,1,1,15,0,1
1337,2,3,3377,1,1,1,1,15,0,1
3096,2,3,4506,1,1,1,1,15,0,1
1266,2,1,501,1,1,1,1,15,0,1
6868,2,1,958,1,1,1,1,15,0,1
2895,2,1,1832,1,1,1,1,15,0,1
9930,2,23,2761,1,1,1,1,15,0,1
6440,2,2,1710,1,1,1,1,15,0,1
7888,2,2,2303,1,1,1,1,15,0,1
8498,2,2,1800,1,1,1,1,15,0,1
2046,2,23,3541,1,1,1,1,15,0,1
8381,2,4,2507,1,1,1,1,15,0,1
7638,2,4,4974,1,1,1,1,15,0,1
7234,2,23,4859,1,1,1,1,15,0,1
3980,2,4,2301,1,1,1,1,15,0,1
2773,2,23,1497,1,1,1,1,15,0,1
2922,2,23,3762,1,1,1,1,15,0,1
7705,2,23,2753,1,1,1,1,15,0,1
7874,2,2,3081,1,1,1,1,15,0,1
2835,2,23,1360,1,1,1,1,15,0,1
4793,2,3,1357,1,1,1,1,15,0,1
3131,2,4,1656,1,1,1,1,15,0,1
6472,2,1,3219,1,1,1,1,15,0,1
2342,2,2,3086,1,1,1,1,15,0,1
1639,2,2,2945,1,1,1,1,15,0,1
4596,2,23,1662,1,1,1,1,15,0,1
8212,2,2,1867,1,1,1,1,15,0,1
5828,2,2,4109,1,1,1,1,15,0,1
4067,2,1,306,1,1,1,1,15,0,1
6199,2,3,3254,1,1,1,1,15,0,1
9622,2,2,1970,1,1,1,1,15,0,1
8212,2,1,4200,1,1,1,1,15,0,1
4196,2,2,3877,1,1,1,1,15,0,1
3203,2,1,938,1,1,1,1,15,0,1
9076,2,4,4901,1,1,1,1,15,0,1
8445,2,1,4958,1,1,1,1,15,0,1
2865,2,1,4485,1,1,1,1,15,0,1
8549,2,23,204,1,1,1,1,15,0,1
6880,2,3,2207,1,1,1,1,15,0,1
9040,2,23,3790,1,1,1,1,15,0,1
2796,2,1,3681,1,1,1,1,15,0,1
3462,2,2,2272,1,1,1,1,15,0,1
3864,2,2,858,1,1,1,1,15,0,1
5326,2,23,3431,1,1,1,1,15,0,1
1214,2,1,4347,1,1,1,1,15,0,1
2917,2,3,4310,1,1,1,1,15,0,1
6801,2,2,3010,1,1,1,1,15,0,1
4201,2,1,2903,1,1,1,1,15,0,1
9466,2,23,416,1,1,1,1,15,0,1
9102,2,2,1183,1,1,1,1,15,0,1
7344,2,1,1317,1,1,1,1,15,0,1
4207,2,2,2131,1,1,1,1,15,0,1
7978,2,23,4305,1,1,1,1,15,0,1
2586,2,1,1062,1,1,1,1,15,0,1
1205,2,1,4861,1,1,1,1,15,0,1
7261,2,23,4973,1,1,1,1,15,0,1
3531,2,23,4159,1,1,1,1,15,0,1
6706,2,3,4172,1,1,1,1,15,0,1
4936,2,4,2899,1,1,1,1,15,0,1
8978,2,2,3956,1,1,1,1,15,0,1
7883,2,4,1545,1,1,1,1,15,0,1
2273,2,23,3917,1,1,1,1,15,0,1
9103,2,3,1567,1,1,1,1,15,0,1
2265,2,23,2638,1,1,1,1,15,0,1
4059,2,3,4639,1,1,1,1,15,0,1
1844,2,2,2588,1,1,1,1,15,0,1
9964,2,1,2637,1,1,1,1,15,0,1
4410,2,2,279,1,1,1,1,15,0,1
2246,2,1,2498,1,1,1,1,15,0,1
1827,2,4,2535,1,1,1,1,15,0,1
1763,2,23,4159,1,1,1,1,15,0,1
6585,2,4,1163,1,1,1,1,15,0,1
6115,2,23,834,1,1,1,1,15,0,1
4744,2,2,3362,1,1,1,1,15,0,1
8285,2,4,3740,1,1,1,1,15,0,1
8589,2,4,2900,1,1,1,1,15,0,1
5238,2,3,1681,1,1,1,1,15,0,1
1364,2,2,4947,1,1,1,1,15,0,1
1757,2,1,4044,1,1,1,1,15,0,1
5241,2,23,144,1,1,1,1,15,0,1
7956,2,1,4892,1,1,1,1,15,0,1
6305,2,23,704,1,1,1,1,15,0,1
9360,2,4,2775,1,1,1,1,15,0,1
1524,2,4,1187,1,1,1,1,15,0,1
5948,2,4,3664,1,1,1,1,15,0,1
6700,2,1,1921,1,1,1,1,15,0,1
5606,2,4,2784,1,1,1,1,15,0,1
8097,2,4,2373,1,1,1,1,15,0,1
7399,2,2,339,1,1,1,1,15,0,1
3324,2,2,4714,1,1,1,1,15,0,1
7132,2,2,4145,1,1,1,1,15,0,1
5908,2,1,4306,1,1,1,1,15,0,1
2880,2,3,1057,1,1,1,1,15,0,1
4253,2,23,311,1,1,1,1,15,0,1
7601,2,23,2386,1,1,1,1,15,0,1
2285,2,23,1575,1,1,1,1,15,0,1
5518,2,23,1067,1,1,1,1,15,0,1
4529,2,3,2884,1,1,1,1,15,0,1
1195,2,4,3171,1,1,1,1,15,0,1
1476,2,1,2986,1,1,1,1,15,0,1
5726,2,2,1810,1,1,1,1,15,0,1
8342,2,3,1131,1,1,1,1,15,0,1
6109,2,23,3693,1,1,1,1,15,0,1
7899,2,3,2499,1,1,1,1,15,0,1
7843,2,4,458,1,1,1,1,15,0,1
9663,2,2,3378,1,1,1,1,15,0,1
1762,2,1,1073,1,1,1,1,15,0,1
3462,2,4,3411,1,1,1,1,15,0,1
1467,2,1,1823,1,1,1,1,15,0,1
2089,2,1,156,1,1,1,1,15,0,1
9417,2,23,1705,1,1,1,1,15,0,1
9130,2,2,2538,1,1,1,1,15,0,1
8907,2,4,3587,1,1,1,1,15,0,1
4017,2,3,4355,1,1,1,1,15,0,1
1711,2,2,2927,1,1,1,1,15,0,1
2229,2,4,4033,1,1,1,1,15,0,1
1106,2,4,2237,1,1,1,1,15,0,1
1253,2,2,4838,1,1,1,1,15,0,1
3993,2,3,4685,1,1,1,1,15,0,1
9219,2,1,3908,1,1,1,1,15,0,1
7490,2,4,1412,1,1,1,1,15,0,1
6098,2,3,2732,1,1,1,1,15,0,1
8845,2,4,4178,1,1,1,1,15,0,1
4180,2,1,503,1,1,1,1,15,0,1
7622,2,23,4999,1,1,1,1,15,0,1
9954,2,4,2438,1,1,1,1,15,0,1
